trace_file,num_of_steps,success,done,total_reward,error,early_stop,total_prompt_token,total_in_token_accumulated,total_in_token_message_accumulated,total_out_token_accumulated,total_history_token,total_hint_prompt_token,total_hint_completion_token,expert_difficulty,category
fixed_0.json,15,0,0,0.0,1,0,554,14557,14557,477,1241,,,14.659,beauty
fixed_1.json,6,0,1,0.5,0,1,554,4655,4655,82,1119,,,7.673,fashion
fixed_2.json,11,0,1,0.5,1,1,554,12542,12542,192,1756,,,12.573,beauty
fixed_3.json,6,0,1,0.0,0,1,554,4801,4801,92,1184,,,7.673,fashion
fixed_4.json,6,1,1,1.0,0,1,554,4173,4173,81,967,,,7.673,fashion
fixed_5.json,4,0,1,0.6666666666666666,0,1,554,2448,2448,50,1002,,,4.473,beauty
fixed_6.json,6,0,1,0.6,0,1,554,5847,5847,100,1503,,,7.673,furniture
fixed_7.json,5,1,1,1.0,0,1,554,4202,4202,86,1399,,,6.073,furniture
fixed_8.json,4,0,1,0.25,0,1,554,2256,2256,57,882,,,4.473,beauty
fixed_9.json,5,1,1,1.0,0,1,554,3628,3628,72,1093,,,6.073,electronics
fixed_10.json,5,0,1,0.6666666666666666,0,1,554,3245,3245,58,951,,,6.073,beauty
fixed_11.json,5,0,1,0.5,0,1,554,3441,3441,69,1034,,,6.073,fashion
fixed_12.json,5,0,1,0.6,0,1,554,3465,3465,76,1054,,,6.073,furniture
fixed_13.json,4,0,1,0.4,0,1,554,2399,2399,51,969,,,4.473,beauty
fixed_14.json,4,0,1,0.6666666666666666,0,1,554,2279,2279,53,902,,,4.473,beauty
fixed_15.json,4,1,1,1.0,0,1,554,2300,2300,49,906,,,4.473,furniture
fixed_16.json,7,0,1,0.25,1,1,554,5691,5691,110,1218,,,9.473,furniture
fixed_17.json,5,1,1,1.0,0,1,554,3245,3245,71,955,,,6.073,food
fixed_18.json,6,0,1,0.5,0,1,554,4391,4391,74,1034,,,7.673,fashion
fixed_19.json,5,1,1,1.0,0,1,554,3618,3618,78,1074,,,6.073,electronics
fixed_20.json,5,0,1,0.75,0,1,554,3306,3306,78,990,,,6.073,food
fixed_21.json,5,0,1,0.0666666666666666,0,1,554,3371,3371,66,1009,,,6.073,electronics
fixed_22.json,4,1,1,1.0,0,1,554,2401,2401,47,975,,,4.473,beauty
fixed_23.json,9,0,1,0.4,1,1,554,9016,9016,131,1451,,,12.673,furniture
fixed_24.json,4,0,1,0.6666666666666666,0,1,554,2338,2338,56,926,,,4.473,food
fixed_25.json,5,0,1,0.075,0,1,554,3284,3284,70,978,,,6.073,furniture
fixed_26.json,5,1,1,1.0,0,1,554,3609,3609,68,1116,,,6.073,food
fixed_27.json,6,0,1,0.3333333333333333,1,1,554,4239,4239,88,1025,,,8.473,food
fixed_28.json,8,1,1,1.0,1,1,554,6836,6836,144,1176,,,11.673,furniture
fixed_29.json,5,0,1,0.75,0,1,554,3348,3348,64,1001,,,6.073,fashion
fixed_30.json,15,0,0,0.0,1,0,554,22753,22753,334,2571,,,16.373,beauty
fixed_31.json,5,1,1,1.0,0,1,554,3331,3331,74,976,,,6.073,furniture
fixed_32.json,6,0,1,0.3333333333333333,0,1,554,4309,4309,76,1024,,,7.673,fashion
fixed_33.json,5,1,1,1.0,0,1,554,3319,3319,64,991,,,6.073,fashion
fixed_34.json,12,0,1,0.75,1,1,554,15397,15397,222,2190,,,13.673,furniture
fixed_35.json,5,0,1,0.3333333333333333,0,1,554,3751,3751,82,1158,,,6.073,electronics
fixed_36.json,15,0,1,0.75,1,0,554,21251,21251,200,2177,,,17.273,fashion
fixed_37.json,6,0,1,0.75,0,1,554,4109,4109,79,964,,,7.673,fashion
fixed_38.json,5,1,1,1.0,0,1,554,3402,3402,59,1015,,,6.073,electronics
fixed_39.json,7,0,1,0.6666666666666666,1,1,554,5543,5543,108,1129,,,10.073,fashion
fixed_40.json,6,0,1,0.0,0,1,554,4367,4367,86,1027,,,7.673,fashion
fixed_41.json,4,1,1,1.0,0,1,554,2298,2298,48,931,,,4.473,beauty
fixed_42.json,4,0,1,0.6666666666666666,0,1,554,2292,2292,49,905,,,4.473,food
fixed_43.json,5,0,1,0.5,0,1,554,3359,3359,85,997,,,6.073,fashion
fixed_44.json,6,0,1,0.75,0,1,554,4286,4286,88,1021,,,7.673,food
fixed_45.json,6,0,1,0.3333333333333333,0,1,554,4390,4390,83,1049,,,7.673,food
fixed_46.json,5,1,1,1.0,0,1,554,3369,3369,65,1002,,,6.073,electronics
fixed_47.json,4,0,1,0.75,0,1,554,2317,2317,52,918,,,4.473,food
fixed_48.json,4,0,1,0.0,0,1,554,2352,2352,54,951,,,4.473,beauty
fixed_49.json,4,0,1,0.3333333333333333,0,1,554,2323,2323,56,931,,,4.473,beauty
fixed_50.json,4,0,1,0.3333333333333333,0,1,554,2338,2338,47,934,,,4.473,food
fixed_51.json,6,1,1,1.0,0,1,554,4374,4374,85,1045,,,7.673,beauty
fixed_52.json,4,0,1,0.3333333333333333,0,1,554,2280,2280,48,905,,,4.473,beauty
fixed_53.json,4,0,1,0.6666666666666666,0,1,554,2353,2353,50,948,,,4.473,beauty
fixed_54.json,5,1,1,1.0,0,1,554,3458,3458,69,1041,,,6.073,furniture
fixed_55.json,5,0,1,0.7142857142857143,0,1,554,3271,3271,68,965,,,6.073,furniture
fixed_56.json,7,0,1,0.75,1,1,554,5298,5298,90,1036,,,9.273,fashion
fixed_57.json,4,1,1,1.0,0,1,554,2345,2345,51,939,,,4.473,food
fixed_58.json,5,0,1,0.75,0,1,554,3259,3259,60,954,,,6.073,beauty
fixed_59.json,4,0,1,0.0,0,1,554,2284,2284,48,901,,,4.473,food
fixed_60.json,5,0,1,0.25,0,1,554,3264,3264,66,955,,,6.073,electronics
fixed_61.json,4,0,1,0.3333333333333333,0,1,554,2427,2427,51,984,,,4.473,electronics
fixed_62.json,5,0,1,0.05,0,1,554,3426,3426,65,1009,,,6.073,food
fixed_63.json,6,0,1,0.6,0,1,554,6056,6056,100,1584,,,7.673,fashion
fixed_64.json,6,1,1,1.0,0,1,554,4666,4666,93,1128,,,7.673,beauty
fixed_65.json,15,0,0,0.0,1,0,554,22209,22209,273,1917,,,14.473,electronics
fixed_66.json,5,0,1,0.6666666666666666,0,1,554,3346,3346,68,990,,,6.073,fashion
fixed_67.json,15,0,0,0.0,1,0,554,18602,18602,791,1553,,,14.659,electronics
fixed_68.json,6,0,1,0.6666666666666666,0,1,554,4489,4489,87,1062,,,7.673,furniture
fixed_69.json,5,0,1,0.6666666666666666,0,1,554,3726,3726,83,1155,,,6.073,electronics
fixed_70.json,5,1,1,1.0,0,1,554,3354,3354,67,997,,,6.073,food
fixed_71.json,7,0,1,0.6666666666666666,1,1,554,5818,5818,109,1269,,,9.473,beauty
fixed_72.json,5,0,1,0.5,0,1,554,3323,3323,72,986,,,6.073,fashion
fixed_73.json,5,1,1,1.0,0,1,554,3404,3404,72,1003,,,6.073,beauty
fixed_74.json,5,0,1,0.6666666666666666,0,1,554,3356,3356,64,990,,,6.073,electronics
fixed_75.json,5,0,1,0.08,0,1,554,3394,3394,73,1004,,,6.073,electronics
fixed_76.json,5,0,1,0.6666666666666666,0,1,554,3853,3853,91,1205,,,6.073,electronics
fixed_77.json,6,1,1,1.0,0,1,554,5888,5888,83,1545,,,7.673,food
fixed_78.json,6,1,1,1.0,0,1,554,4903,4903,88,1191,,,7.673,electronics
fixed_79.json,5,0,1,0.3333333333333333,0,1,554,3353,3353,72,1019,,,6.073,beauty
fixed_80.json,6,0,1,0.75,0,1,554,4303,4303,79,1012,,,7.673,fashion
fixed_81.json,4,1,1,1.0,0,1,554,2488,2488,56,1005,,,4.473,beauty
fixed_82.json,6,0,1,0.4,0,1,554,5590,5590,128,1400,,,7.673,electronics
fixed_83.json,15,0,0,0.0,1,0,554,17727,17727,274,1569,,,15.073,electronics
fixed_84.json,4,0,1,0.0,0,1,554,2332,2332,47,932,,,4.473,beauty
fixed_85.json,4,0,1,0.5,0,1,554,2195,2195,47,858,,,4.473,food
fixed_86.json,7,0,1,0.1,1,1,554,5214,5214,105,1041,,,10.073,fashion
fixed_87.json,4,1,1,1.0,0,1,554,2334,2334,51,933,,,4.473,beauty
fixed_88.json,5,1,1,1.0,0,1,554,3271,3271,62,960,,,6.073,food
fixed_89.json,5,0,1,0.6666666666666666,0,1,554,3261,3261,59,954,,,6.073,electronics
fixed_90.json,6,0,1,0.75,1,1,554,4400,4400,82,1023,,,7.673,electronics
fixed_91.json,4,1,1,1.0,0,1,554,2333,2333,51,928,,,4.473,furniture
fixed_92.json,6,0,1,0.5,0,1,554,4251,4251,84,994,,,7.673,fashion
fixed_93.json,6,1,1,1.0,0,1,554,4153,4153,76,966,,,7.673,fashion
fixed_94.json,6,1,1,1.0,0,1,554,4175,4175,79,984,,,7.673,food
fixed_95.json,4,1,1,1.0,0,1,554,2312,2312,49,923,,,4.473,beauty
fixed_96.json,7,1,1,1.0,1,1,554,5666,5666,95,1204,,,8.873,fashion
fixed_97.json,6,1,1,1.0,0,1,554,4264,4264,88,1009,,,7.673,food
fixed_98.json,4,1,1,1.0,0,1,554,2355,2355,47,942,,,4.473,food
fixed_99.json,6,0,1,0.5,0,1,554,5843,5843,89,1528,,,7.673,fashion
fixed_100.json,8,0,1,0.75,1,1,554,7407,7407,160,1365,,,11.073,furniture
fixed_101.json,6,0,1,0.75,0,1,554,4431,4431,91,1051,,,7.673,food
fixed_102.json,5,1,1,1.0,0,1,554,3267,3267,63,959,,,6.073,fashion
fixed_103.json,4,1,1,1.0,0,1,554,2334,2334,48,937,,,4.473,beauty
fixed_104.json,5,1,1,1.0,0,1,554,3215,3215,64,936,,,6.073,furniture
fixed_105.json,6,1,1,1.0,0,1,554,5479,5479,85,1400,,,7.673,food
fixed_106.json,6,0,1,0.5,0,1,554,4721,4721,109,1167,,,7.673,furniture
fixed_107.json,5,0,1,0.5,0,1,554,3193,3193,66,932,,,6.073,furniture
fixed_108.json,5,1,1,1.0,0,1,554,3485,3485,71,1044,,,6.073,beauty
fixed_109.json,6,0,1,0.6666666666666666,0,1,554,4562,4562,86,1093,,,7.673,furniture
fixed_110.json,5,1,1,1.0,0,1,554,3299,3299,70,989,,,6.073,furniture
fixed_111.json,6,0,1,0.0,0,1,554,4986,4986,85,1226,,,7.673,beauty
fixed_112.json,6,1,1,1.0,0,1,554,4736,4736,96,1133,,,7.673,food
fixed_113.json,6,1,1,1.0,0,1,554,4601,4601,91,1112,,,7.673,food
fixed_114.json,7,0,1,0.6666666666666666,1,1,554,4977,4977,87,957,,,9.273,fashion
fixed_115.json,5,1,1,1.0,0,1,554,3406,3406,66,1015,,,6.073,furniture
fixed_116.json,5,0,1,0.0,0,1,554,3593,3593,76,1111,,,6.073,furniture
fixed_117.json,6,0,1,0.1,0,1,554,4360,4360,82,1039,,,7.673,fashion
fixed_118.json,4,0,1,0.5,0,1,554,2307,2307,46,921,,,4.473,beauty
fixed_119.json,6,0,1,0.75,0,1,554,4272,4272,87,1011,,,7.673,fashion
fixed_120.json,6,1,1,1.0,0,1,554,4363,4363,83,1036,,,7.673,furniture
fixed_121.json,5,1,1,1.0,0,1,554,3572,3572,67,1090,,,6.073,beauty
fixed_122.json,6,0,1,0.75,1,1,554,4248,4248,96,1035,,,8.473,furniture
fixed_123.json,5,0,1,0.1,0,1,554,3348,3348,64,1000,,,6.073,fashion
fixed_124.json,5,1,1,1.0,0,1,554,3370,3370,65,998,,,6.073,beauty
fixed_125.json,5,1,1,1.0,0,1,554,3423,3423,66,995,,,6.073,electronics
fixed_126.json,4,1,1,1.0,0,1,554,2263,2263,52,895,,,4.473,furniture
fixed_127.json,5,0,1,0.6666666666666666,1,1,554,3479,3479,72,1077,,,6.873,electronics
fixed_128.json,6,0,1,0.0666666666666666,1,1,554,4173,4173,82,1004,,,8.473,food
fixed_129.json,6,1,1,1.0,0,1,554,4100,4100,77,956,,,7.673,food
fixed_130.json,15,0,0,0.0,1,0,554,18678,18678,369,1679,,,20.373,electronics
fixed_131.json,5,1,1,1.0,0,1,554,3736,3736,74,1170,,,6.073,beauty
fixed_132.json,5,1,1,1.0,0,1,554,3597,3597,66,1115,,,6.073,beauty
fixed_133.json,7,0,1,0.0,1,1,554,5503,5503,101,1125,,,10.073,fashion
fixed_134.json,15,0,0,0.0,1,0,554,23211,23211,287,2106,,,18.973,electronics
fixed_135.json,6,1,1,1.0,1,1,554,4391,4391,110,1056,,,9.273,fashion
fixed_136.json,4,0,1,0.0,0,1,554,2306,2306,48,925,,,4.473,fashion
fixed_137.json,4,0,1,0.6666666666666666,0,1,554,2423,2423,54,979,,,4.473,beauty
fixed_138.json,5,0,1,0.8,0,1,554,3637,3637,66,1107,,,6.073,food
fixed_139.json,4,0,1,0.75,0,1,554,2364,2364,56,955,,,4.473,food
fixed_140.json,4,0,1,0.75,0,1,554,2361,2361,47,944,,,4.473,beauty
fixed_141.json,6,0,1,0.6666666666666666,1,1,554,4452,4452,87,1069,,,8.473,furniture
fixed_142.json,11,0,1,0.08,1,1,554,12532,12532,160,1764,,,11.373,food
fixed_143.json,6,0,1,0.75,0,1,554,4785,4785,90,1183,,,7.673,beauty
fixed_144.json,5,1,1,1.0,0,1,554,3794,3794,63,1207,,,6.073,electronics
fixed_145.json,6,1,1,1.0,1,1,554,4488,4488,134,1074,,,7.673,food
fixed_146.json,5,1,1,1.0,0,1,554,3380,3380,72,1020,,,6.073,electronics
fixed_147.json,6,1,1,1.0,0,1,554,4400,4400,78,1022,,,7.673,fashion
fixed_148.json,6,1,1,1.0,1,1,554,4309,4309,102,1027,,,8.473,beauty
fixed_149.json,4,1,1,1.0,0,1,554,2444,2444,54,994,,,4.473,beauty
fixed_150.json,4,1,1,1.0,0,1,554,2313,2313,50,926,,,4.473,beauty
fixed_151.json,6,1,1,1.0,1,1,554,4477,4477,85,1194,,,7.873,furniture
fixed_152.json,6,0,1,0.5,1,1,554,4448,4448,86,1051,,,7.673,furniture
fixed_153.json,15,0,0,0.0,1,0,554,26668,26668,242,2694,,,15.573,food
fixed_154.json,6,0,1,0.3333333333333333,1,1,554,4475,4475,92,1055,,,7.673,furniture
fixed_155.json,4,0,1,0.0,0,1,554,2394,2394,47,975,,,4.473,food
fixed_156.json,5,0,1,0.8,0,1,554,3345,3345,71,986,,,6.073,food
fixed_157.json,5,0,1,0.8,0,1,554,3287,3287,72,972,,,6.073,furniture
fixed_158.json,4,0,1,0.6666666666666666,0,1,554,2163,2163,49,838,,,4.473,beauty
fixed_159.json,4,1,1,1.0,0,1,554,2447,2447,54,990,,,4.473,beauty
fixed_160.json,4,1,1,1.0,0,1,554,2270,2270,52,901,,,4.473,furniture
fixed_161.json,6,1,1,1.0,0,1,554,5313,5313,94,1357,,,7.673,fashion
fixed_162.json,5,0,1,0.3333333333333333,0,1,554,3498,3498,79,1059,,,6.073,furniture
fixed_163.json,6,0,1,0.75,0,1,554,4374,4374,88,1042,,,7.673,food
fixed_164.json,5,1,1,1.0,0,1,554,3212,3212,65,938,,,6.073,food
fixed_165.json,10,0,1,0.6666666666666666,1,1,554,10422,10422,176,1576,,,12.473,fashion
fixed_166.json,7,0,1,0.75,1,1,554,5907,5907,111,1273,,,9.473,furniture
fixed_167.json,5,0,1,0.5,0,1,554,3389,3389,67,1026,,,6.073,electronics
fixed_168.json,5,0,1,0.6666666666666666,0,1,554,3315,3315,61,975,,,6.073,beauty
fixed_169.json,5,0,1,0.6666666666666666,0,1,554,3228,3228,61,944,,,6.073,electronics
fixed_170.json,6,0,1,0.5,1,1,554,4747,4747,85,1132,,,7.673,electronics
fixed_171.json,15,0,0,0.0,1,0,554,18040,18040,235,1728,,,14.773,food
fixed_172.json,6,0,1,0.6666666666666666,0,1,554,4450,4450,84,1067,,,7.673,fashion
fixed_173.json,6,0,1,0.6666666666666666,0,1,554,4573,4573,84,1079,,,7.673,beauty
fixed_174.json,6,1,1,1.0,0,1,554,4891,4891,85,1180,,,7.673,fashion
fixed_175.json,5,0,1,0.25,0,1,554,3341,3341,64,984,,,6.073,fashion
fixed_176.json,5,0,1,0.6666666666666666,0,1,554,3383,3383,63,1002,,,6.073,furniture
fixed_177.json,4,1,1,1.0,0,1,554,2305,2305,50,920,,,4.473,beauty
fixed_178.json,4,1,1,1.0,0,1,554,2411,2411,48,978,,,4.473,beauty
fixed_179.json,5,1,1,1.0,0,1,554,3414,3414,68,1015,,,6.073,furniture
fixed_180.json,4,0,1,0.5,0,1,554,2264,2264,47,898,,,4.473,beauty
fixed_181.json,4,1,1,1.0,0,1,554,2405,2405,50,978,,,4.473,furniture
fixed_182.json,4,1,1,1.0,0,1,554,2243,2243,47,889,,,4.473,beauty
fixed_183.json,4,0,1,0.6666666666666666,0,1,554,2370,2370,50,952,,,4.473,furniture
fixed_184.json,6,1,1,1.0,0,1,554,4525,4525,86,1093,,,7.673,beauty
fixed_185.json,5,0,1,0.6666666666666666,0,1,554,3562,3562,68,1135,,,5.473,furniture
fixed_186.json,6,1,1,1.0,0,1,554,4542,4542,80,1094,,,7.673,beauty
fixed_187.json,15,0,0,0.0,1,0,554,27868,27868,270,3117,,,18.073,food
fixed_188.json,5,1,1,1.0,0,1,554,3459,3459,74,1041,,,6.073,furniture
fixed_189.json,7,1,1,1.0,1,1,554,5502,5502,94,1069,,,9.273,beauty
fixed_190.json,6,0,1,0.0,0,1,554,5009,5009,90,1243,,,7.673,beauty
fixed_191.json,5,1,1,1.0,0,1,554,3332,3332,61,992,,,6.073,fashion
fixed_192.json,15,0,0,0.0,1,0,554,18644,18644,792,1556,,,14.659,electronics
fixed_193.json,6,0,1,0.6,0,1,554,4531,4531,88,1092,,,7.673,fashion
fixed_194.json,5,1,1,1.0,0,1,554,3380,3380,92,1009,,,6.073,food
fixed_195.json,7,0,1,0.8,0,1,554,6453,6453,110,1300,,,9.273,electronics
fixed_196.json,5,1,1,1.0,0,1,554,3286,3286,62,963,,,6.073,electronics
fixed_197.json,6,0,1,0.8333333333333334,0,1,554,4870,4870,88,1165,,,7.673,food
fixed_198.json,4,0,1,0.6666666666666666,0,1,554,2354,2354,48,944,,,4.473,beauty
fixed_199.json,7,0,1,0.6666666666666666,1,1,554,6494,6494,104,1303,,,9.273,electronics
fixed_200.json,5,1,1,1.0,0,1,554,5119,5119,85,1815,,,6.073,electronics
fixed_201.json,5,1,1,1.0,0,1,554,3338,3338,63,997,,,6.073,food
fixed_202.json,6,1,1,1.0,0,1,554,4420,4420,94,1027,,,7.673,fashion
fixed_203.json,4,0,1,0.0333333333333333,0,1,554,2320,2320,56,942,,,4.473,electronics
fixed_204.json,7,0,1,0.6666666666666666,1,1,554,5627,5627,105,1164,,,10.073,food
fixed_205.json,15,0,0,0.0,1,0,554,27010,27010,228,3382,,,18.873,furniture
fixed_206.json,6,1,1,1.0,0,1,554,4637,4637,81,1123,,,7.673,fashion
fixed_207.json,5,1,1,1.0,0,1,554,3291,3291,58,967,,,6.073,electronics
fixed_208.json,5,0,1,0.6666666666666666,0,1,554,3227,3227,62,948,,,6.073,furniture
fixed_209.json,5,0,1,0.6666666666666666,0,1,554,3421,3421,63,1016,,,6.073,furniture
fixed_210.json,5,1,1,1.0,0,1,554,3297,3297,66,972,,,6.073,fashion
fixed_211.json,12,1,1,1.0,1,1,554,13630,13630,171,1721,,,14.173,furniture
fixed_212.json,4,1,1,1.0,0,1,554,2325,2325,49,935,,,4.473,electronics
fixed_213.json,4,1,1,1.0,0,1,554,2298,2298,51,916,,,4.473,beauty
fixed_214.json,7,0,1,0.75,1,1,554,5622,5622,116,1163,,,10.073,beauty
fixed_215.json,5,0,1,0.6666666666666666,0,1,554,3362,3362,70,990,,,6.073,beauty
fixed_216.json,6,0,1,0.75,1,1,554,4240,4240,80,986,,,7.673,fashion
fixed_217.json,7,1,1,1.0,1,1,554,6314,6314,133,1346,,,10.073,furniture
fixed_218.json,5,0,1,0.75,0,1,554,3509,3509,70,1042,,,6.073,electronics
fixed_219.json,4,1,1,1.0,0,1,554,2251,2251,47,892,,,4.473,beauty
fixed_220.json,6,0,1,0.0,0,1,554,4527,4527,94,1086,,,7.673,fashion
fixed_221.json,15,0,0,0.0,1,0,554,21137,21137,251,2215,,,16.173,furniture
fixed_222.json,7,0,1,0.6666666666666666,1,1,554,5504,5504,106,1098,,,10.073,furniture
fixed_223.json,6,1,1,1.0,0,1,554,4372,4372,94,1045,,,7.673,food
fixed_224.json,7,0,1,0.6,1,1,554,5758,5758,141,1149,,,9.673,fashion
fixed_225.json,5,0,1,0.6666666666666666,0,1,554,3073,3073,64,890,,,6.073,food
fixed_226.json,11,0,1,0.6666666666666666,1,1,554,10753,10753,176,1557,,,16.773,beauty
fixed_227.json,5,1,1,1.0,0,1,554,4137,4137,68,1367,,,6.073,furniture
fixed_228.json,4,1,1,1.0,0,1,554,2290,2290,51,905,,,4.473,food
fixed_229.json,15,0,0,0.0,1,0,554,25102,25102,353,2636,,,19.473,furniture
fixed_230.json,6,1,1,1.0,0,1,554,4246,4246,86,990,,,7.673,fashion
fixed_231.json,4,0,1,0.05,0,1,554,2336,2336,51,921,,,4.473,furniture
fixed_232.json,5,0,1,0.5,0,1,554,3619,3619,82,1117,,,6.073,furniture
fixed_233.json,15,0,0,0.0,1,0,554,15490,15490,396,1346,,,33.973,beauty
fixed_234.json,6,0,1,0.6,0,1,554,4827,4827,111,1171,,,7.673,food
fixed_235.json,4,0,1,0.0333333333333333,0,1,554,2272,2272,50,894,,,4.473,food
fixed_236.json,5,0,1,0.5,0,1,554,3342,3342,69,996,,,6.073,fashion
fixed_237.json,6,0,1,0.5,1,1,554,4336,4336,92,1060,,,8.473,beauty
fixed_238.json,4,0,1,0.6666666666666666,0,1,554,2283,2283,49,898,,,4.473,beauty
fixed_239.json,5,0,1,0.0,0,1,554,3852,3852,70,1268,,,6.073,fashion
fixed_240.json,4,0,1,0.3333333333333333,0,1,554,2466,2466,53,998,,,4.473,electronics
fixed_241.json,6,1,1,1.0,0,1,554,4409,4409,80,1044,,,7.673,fashion
fixed_242.json,6,1,1,1.0,0,1,554,4238,4238,81,989,,,7.673,furniture
fixed_243.json,5,0,1,0.6666666666666666,0,1,554,3336,3336,60,982,,,6.073,beauty
fixed_244.json,5,1,1,1.0,0,1,554,3377,3377,67,1009,,,6.073,food
fixed_245.json,8,1,1,1.0,1,1,554,7804,7804,131,1485,,,11.073,furniture
fixed_246.json,4,1,1,1.0,0,1,554,2429,2429,51,985,,,4.473,electronics
fixed_247.json,6,0,1,0.6666666666666666,1,1,554,4242,4242,96,1009,,,8.473,beauty
fixed_248.json,5,1,1,1.0,0,1,554,3453,3453,63,1050,,,6.073,fashion
fixed_249.json,4,0,1,0.1666666666666666,0,1,554,2249,2249,48,877,,,4.473,beauty
fixed_250.json,5,0,1,0.75,1,1,554,3427,3427,64,1011,,,6.073,food
fixed_251.json,5,0,1,0.8,0,1,554,3332,3332,70,980,,,6.073,furniture
fixed_252.json,5,0,1,0.5,0,1,554,3292,3292,68,964,,,6.073,beauty
fixed_253.json,5,1,1,1.0,0,1,554,3489,3489,69,1071,,,6.073,fashion
fixed_254.json,15,0,0,0.0,1,0,554,20958,20958,248,1779,,,14.773,beauty
fixed_255.json,6,1,1,1.0,0,1,554,4828,4828,89,1176,,,7.673,food
fixed_256.json,4,1,1,1.0,0,1,554,2283,2283,49,905,,,4.473,beauty
fixed_257.json,7,1,1,1.0,1,1,554,5716,5716,95,1228,,,8.273,electronics
fixed_258.json,6,1,1,1.0,0,1,554,4261,4261,79,1001,,,7.673,fashion
fixed_259.json,14,0,1,0.5,1,1,554,19431,19431,210,2139,,,13.373,furniture
fixed_260.json,5,0,1,0.5,0,1,554,3574,3574,68,1098,,,6.073,furniture
fixed_261.json,6,0,1,0.5,0,1,554,4303,4303,83,1018,,,7.673,furniture
fixed_262.json,6,0,1,0.0,1,1,554,4204,4204,90,1003,,,8.473,beauty
fixed_263.json,9,0,1,0.3333333333333333,1,1,554,8345,8345,140,1388,,,12.873,beauty
fixed_264.json,6,0,1,0.0333333333333333,1,1,554,4176,4176,83,998,,,8.473,electronics
fixed_265.json,6,0,1,0.6666666666666666,1,1,554,4383,4383,87,1069,,,8.473,electronics
fixed_266.json,4,1,1,1.0,0,1,554,2325,2325,48,931,,,4.473,furniture
fixed_267.json,5,0,1,0.5,0,1,554,3627,3627,73,1094,,,6.073,electronics
fixed_268.json,5,0,1,0.0,1,1,554,3158,3158,65,938,,,6.873,electronics
fixed_269.json,5,1,1,1.0,0,1,554,3234,3234,69,970,,,6.073,furniture
fixed_270.json,4,0,1,0.0,0,1,554,2601,2601,63,1067,,,4.473,electronics
fixed_271.json,4,1,1,1.0,0,1,554,2388,2388,49,969,,,4.473,electronics
fixed_272.json,7,1,1,1.0,1,1,554,5962,5962,115,1237,,,8.873,electronics
fixed_273.json,6,0,1,0.1,0,1,554,4768,4768,78,1283,,,6.973,food
fixed_274.json,7,0,1,0.75,1,1,554,5581,5581,112,1160,,,10.073,fashion
fixed_275.json,4,0,1,0.75,0,1,554,2297,2297,50,913,,,4.473,furniture
fixed_276.json,5,1,1,1.0,0,1,554,3357,3357,64,1013,,,6.073,fashion
fixed_277.json,6,1,1,1.0,0,1,554,4210,4210,84,976,,,7.673,fashion
fixed_278.json,6,1,1,1.0,0,1,554,4829,4829,75,1181,,,7.673,fashion
fixed_279.json,5,1,1,1.0,0,1,554,3451,3451,60,1022,,,6.073,electronics
fixed_280.json,9,0,1,0.75,1,1,554,8837,8837,139,1500,,,12.873,food
fixed_281.json,6,1,1,1.0,0,1,554,4633,4633,84,1110,,,7.673,fashion
fixed_282.json,4,1,1,1.0,0,1,554,2399,2399,48,970,,,4.473,fashion
fixed_283.json,4,0,1,0.75,0,1,554,2295,2295,50,906,,,4.473,beauty
fixed_284.json,5,1,1,1.0,0,1,554,3817,3817,91,1229,,,6.073,fashion
fixed_285.json,5,0,1,0.3333333333333333,0,1,554,3154,3154,65,920,,,6.073,food
fixed_286.json,10,0,1,0.06,1,1,554,9543,9543,160,1481,,,14.573,food
fixed_287.json,5,1,1,1.0,0,1,554,3560,3560,89,1063,,,6.073,electronics
fixed_288.json,5,1,1,1.0,0,1,554,3684,3684,81,1122,,,6.073,food
fixed_289.json,4,0,1,0.6666666666666666,0,1,554,2357,2357,49,941,,,4.473,furniture
fixed_290.json,5,0,1,0.5,0,1,554,3651,3651,74,1107,,,6.073,food
fixed_291.json,15,0,0,0.0,1,0,554,27823,27823,239,2905,,,17.773,electronics
fixed_292.json,4,1,1,1.0,0,1,554,2335,2335,50,937,,,4.473,furniture
fixed_293.json,4,1,1,1.0,0,1,554,2368,2368,46,959,,,4.473,fashion
fixed_294.json,6,0,1,0.05,0,1,554,4226,4226,76,982,,,7.673,fashion
fixed_295.json,5,1,1,1.0,0,1,554,3295,3295,66,972,,,6.073,furniture
fixed_296.json,5,1,1,1.0,0,1,554,3418,3418,75,1013,,,6.073,beauty
fixed_297.json,6,0,1,0.75,0,1,554,4512,4512,86,1077,,,7.673,fashion
fixed_298.json,4,0,1,0.5,0,1,554,2239,2239,71,882,,,4.473,beauty
fixed_299.json,5,1,1,1.0,0,1,554,3225,3225,69,944,,,6.073,fashion
fixed_300.json,4,0,1,0.8571428571428571,0,1,554,2429,2429,51,969,,,4.473,beauty
fixed_301.json,5,1,1,1.0,0,1,554,3335,3335,65,982,,,6.073,furniture
fixed_302.json,4,1,1,1.0,0,1,554,2442,2442,60,974,,,4.473,food
fixed_303.json,5,1,1,1.0,0,1,554,3294,3294,63,982,,,6.073,fashion
fixed_304.json,4,0,1,0.0,0,1,554,2372,2372,49,956,,,4.473,beauty
fixed_305.json,4,1,1,1.0,0,1,554,2491,2491,51,1029,,,4.473,electronics
fixed_306.json,4,1,1,1.0,0,1,554,2361,2361,47,955,,,4.473,food
fixed_307.json,5,1,1,1.0,0,1,554,3261,3261,65,954,,,6.073,fashion
fixed_308.json,5,1,1,1.0,0,1,554,3592,3592,67,1137,,,6.073,fashion
fixed_309.json,4,1,1,1.0,0,1,554,2337,2337,54,926,,,4.473,beauty
fixed_310.json,4,1,1,1.0,0,1,554,2396,2396,51,964,,,4.473,beauty
fixed_311.json,6,1,1,1.0,0,1,554,4732,4732,91,1149,,,7.673,food
fixed_312.json,6,0,1,0.8,0,1,554,4616,4616,86,1101,,,7.673,electronics
fixed_313.json,6,1,1,1.0,0,1,554,4668,4668,94,1129,,,7.673,beauty
fixed_314.json,7,1,1,1.0,1,1,554,5638,5638,92,1103,,,9.273,furniture
fixed_315.json,5,1,1,1.0,0,1,554,3144,3144,67,925,,,6.073,fashion
fixed_316.json,4,0,1,0.6666666666666666,0,1,554,2376,2376,52,955,,,4.473,electronics
fixed_317.json,5,1,1,1.0,0,1,554,3620,3620,73,1092,,,6.073,electronics
fixed_318.json,4,0,1,0.05,0,1,554,2376,2376,52,955,,,4.473,food
fixed_319.json,4,0,1,0.3333333333333333,0,1,554,2539,2539,50,1046,,,4.473,electronics
fixed_320.json,4,1,1,1.0,0,1,554,2537,2537,61,1029,,,4.473,beauty
fixed_321.json,6,1,1,1.0,0,1,554,4582,4582,95,1085,,,7.673,food
fixed_322.json,6,1,1,1.0,0,1,554,4113,4113,79,953,,,7.673,fashion
fixed_323.json,6,0,1,0.75,0,1,554,4287,4287,75,999,,,7.673,fashion
fixed_324.json,15,0,0,0.0,1,0,554,29708,29708,280,3474,,,16.873,electronics
fixed_325.json,5,1,1,1.0,0,1,554,3694,3694,80,1169,,,6.073,food
fixed_326.json,4,0,1,0.3333333333333333,0,1,554,2307,2307,52,915,,,4.473,electronics
fixed_327.json,6,0,1,0.8333333333333334,0,1,554,4337,4337,82,1015,,,7.673,fashion
fixed_328.json,5,0,1,0.3333333333333333,0,1,554,3410,3410,73,1016,,,6.073,furniture
fixed_329.json,4,0,1,0.75,0,1,554,2268,2268,48,912,,,4.473,beauty
fixed_330.json,6,1,1,1.0,1,1,554,4453,4453,87,1049,,,7.673,electronics
fixed_331.json,13,0,1,0.5,1,1,554,17937,17937,286,2148,,,18.873,furniture
fixed_332.json,4,1,1,1.0,0,1,554,2341,2341,50,935,,,4.473,food
fixed_333.json,7,1,1,1.0,1,1,554,5608,5608,109,1170,,,10.073,beauty
fixed_334.json,5,0,1,0.6666666666666666,0,1,554,3565,3565,78,1070,,,6.073,furniture
fixed_335.json,4,1,1,1.0,0,1,554,2292,2292,47,918,,,4.473,electronics
fixed_336.json,15,0,0,0.0,1,0,554,17711,17711,525,1601,,,8.273,furniture
fixed_337.json,5,0,1,0.6,0,1,554,3398,3398,65,1002,,,6.073,beauty
fixed_338.json,5,0,1,0.8,0,1,554,3916,3916,69,1264,,,6.073,food
fixed_339.json,6,1,1,1.0,0,1,554,4558,4558,81,1098,,,7.673,fashion
fixed_340.json,11,0,1,0.6666666666666666,1,1,554,13240,13240,153,1865,,,12.573,electronics
fixed_341.json,6,1,1,1.0,1,1,554,4232,4232,116,1037,,,8.473,furniture
fixed_342.json,5,1,1,1.0,0,1,554,3528,3528,97,1059,,,6.073,furniture
fixed_343.json,5,1,1,1.0,0,1,554,3396,3396,66,1002,,,6.073,furniture
fixed_344.json,6,0,1,0.6666666666666666,0,1,554,4414,4414,80,1065,,,7.673,fashion
fixed_345.json,6,0,1,0.5,1,1,554,4284,4284,87,1101,,,7.873,furniture
fixed_346.json,4,1,1,1.0,0,1,554,2356,2356,53,947,,,4.473,electronics
fixed_347.json,5,1,1,1.0,0,1,554,3253,3253,70,975,,,6.073,furniture
fixed_348.json,15,0,0,0.0,1,0,554,17119,17119,465,1537,,,22.373,food
fixed_349.json,6,0,1,0.8,0,1,554,4408,4408,80,1040,,,7.673,furniture
fixed_350.json,4,0,1,0.4,0,1,554,2349,2349,48,940,,,4.473,food
fixed_351.json,5,1,1,1.0,0,1,554,3313,3313,61,973,,,6.073,beauty
fixed_352.json,6,1,1,1.0,0,1,554,4999,4999,81,1239,,,7.673,fashion
fixed_353.json,5,0,1,0.6666666666666666,0,1,554,3522,3522,69,1068,,,6.073,beauty
fixed_354.json,5,0,1,0.0,0,1,554,3379,3379,63,1009,,,6.073,fashion
fixed_355.json,9,1,1,1.0,1,1,554,8503,8503,155,1310,,,13.273,fashion
fixed_356.json,5,0,1,0.5,0,1,554,3325,3325,69,985,,,6.073,fashion
fixed_357.json,5,1,1,1.0,0,1,554,3582,3582,58,1112,,,6.073,fashion
fixed_358.json,5,0,1,0.75,0,1,554,3349,3349,68,984,,,6.073,furniture
fixed_359.json,5,1,1,1.0,0,1,554,3309,3309,68,974,,,6.073,electronics
fixed_360.json,4,0,1,0.6666666666666666,0,1,554,2300,2300,52,915,,,4.473,beauty
fixed_361.json,6,0,1,0.0666666666666666,0,1,554,4109,4109,76,952,,,7.673,beauty
fixed_362.json,7,1,1,1.0,1,1,554,5965,5965,107,1228,,,10.073,food
fixed_363.json,5,0,1,0.6666666666666666,1,1,554,3163,3163,74,946,,,6.873,furniture
fixed_364.json,5,0,1,0.6666666666666666,0,1,554,4066,4066,79,1307,,,6.073,electronics
fixed_365.json,4,1,1,1.0,0,1,554,2625,2625,54,1099,,,4.473,electronics
fixed_366.json,6,1,1,1.0,0,1,554,4681,4681,74,1118,,,7.673,electronics
fixed_367.json,6,1,1,1.0,0,1,554,4330,4330,81,1014,,,7.673,furniture
fixed_368.json,4,1,1,1.0,0,1,554,2258,2258,52,894,,,4.473,furniture
fixed_369.json,6,0,1,0.6666666666666666,1,1,554,4162,4162,85,976,,,7.673,fashion
fixed_370.json,6,0,1,0.6666666666666666,0,1,554,4344,4344,84,1035,,,7.673,food
fixed_371.json,4,0,1,0.4,0,1,554,2393,2393,55,952,,,4.473,furniture
fixed_372.json,5,1,1,1.0,0,1,554,3358,3358,66,997,,,6.073,furniture
fixed_373.json,6,1,1,1.0,0,1,554,4357,4357,80,1026,,,7.673,fashion
fixed_374.json,4,0,1,0.6666666666666666,0,1,554,2299,2299,50,921,,,4.473,beauty
fixed_375.json,6,0,1,0.8,0,1,554,5056,5056,91,1252,,,7.673,fashion
fixed_376.json,5,0,1,0.6666666666666666,0,1,554,3292,3292,64,976,,,6.073,furniture
fixed_377.json,5,0,1,0.75,0,1,554,4425,4425,91,1487,,,6.073,electronics
fixed_378.json,6,1,1,1.0,0,1,554,6344,6344,84,1698,,,7.673,furniture
fixed_379.json,4,0,1,0.3333333333333333,0,1,554,2331,2331,47,931,,,4.473,beauty
fixed_380.json,5,0,1,0.6666666666666666,0,1,554,3456,3456,65,1038,,,6.073,electronics
fixed_381.json,4,0,1,0.5,0,1,554,2347,2347,53,942,,,4.473,electronics
fixed_382.json,5,1,1,1.0,0,1,554,3485,3485,75,1053,,,6.073,beauty
fixed_383.json,4,1,1,1.0,0,1,554,2393,2393,53,967,,,4.473,electronics
fixed_384.json,6,1,1,1.0,0,1,554,6067,6067,119,1581,,,7.673,beauty
fixed_385.json,4,0,1,0.0666666666666666,0,1,554,2408,2408,50,971,,,4.473,food
fixed_386.json,5,0,1,0.0,0,1,554,3502,3502,74,1055,,,6.073,food
fixed_387.json,15,0,0,0.0,1,0,554,14524,14524,410,1321,,,30.773,furniture
fixed_388.json,11,0,1,0.75,1,1,554,10768,10768,155,1496,,,11.373,beauty
fixed_389.json,4,1,1,1.0,0,1,554,2398,2398,47,971,,,4.473,electronics
fixed_390.json,4,1,1,1.0,0,1,554,2254,2254,53,888,,,4.473,beauty
fixed_391.json,5,0,1,0.75,0,1,554,3338,3338,67,983,,,6.073,food
fixed_392.json,4,0,1,0.6666666666666666,0,1,554,2271,2271,47,903,,,4.473,beauty
fixed_393.json,12,0,1,0.3333333333333333,1,1,554,12423,12423,174,1599,,,11.873,beauty
fixed_394.json,5,0,1,0.3333333333333333,1,1,554,3340,3340,61,977,,,6.073,electronics
fixed_395.json,11,0,1,0.075,1,1,554,11386,11386,170,1592,,,17.073,electronics
fixed_396.json,6,1,1,1.0,0,1,554,4670,4670,95,1115,,,7.673,food
fixed_397.json,6,0,1,0.75,0,1,554,4328,4328,82,1013,,,7.673,fashion
fixed_398.json,5,0,1,0.0,0,1,554,3355,3355,61,1000,,,6.073,food
fixed_399.json,15,0,0,0.0,1,0,554,14375,14375,325,1226,,,32.773,food
fixed_400.json,5,1,1,1.0,0,1,554,3284,3284,70,960,,,6.073,beauty
fixed_401.json,7,1,1,1.0,1,1,554,5655,5655,105,1184,,,8.873,food
fixed_402.json,4,1,1,1.0,0,1,554,2281,2281,56,887,,,4.473,food
fixed_403.json,15,0,0,0.0,1,0,554,19024,19024,802,1582,,,14.659,beauty
fixed_404.json,6,1,1,1.0,0,1,554,4659,4659,85,1130,,,7.673,fashion
fixed_405.json,5,1,1,1.0,0,1,554,3212,3212,62,935,,,6.073,beauty
fixed_406.json,4,1,1,1.0,0,1,554,2310,2310,49,917,,,4.473,food
fixed_407.json,6,0,1,0.6666666666666666,1,1,554,4782,4782,124,1145,,,7.673,food
fixed_408.json,6,0,1,0.5,0,1,554,4176,4176,80,976,,,7.673,fashion
fixed_409.json,5,1,1,1.0,0,1,554,3615,3615,69,1104,,,6.073,food
fixed_410.json,5,0,1,0.25,0,1,554,3468,3468,64,1032,,,6.073,electronics
fixed_411.json,6,0,1,0.5,0,1,554,4762,4762,106,1161,,,7.673,furniture
fixed_412.json,6,1,1,1.0,0,1,554,4550,4550,86,1092,,,7.673,beauty
fixed_413.json,6,0,1,0.6666666666666666,0,1,554,4996,4996,94,1207,,,7.673,electronics
fixed_414.json,4,1,1,1.0,0,1,554,2291,2291,51,902,,,4.473,beauty
fixed_415.json,9,0,1,0.0333333333333333,1,1,554,7818,7818,162,1386,,,11.773,fashion
fixed_416.json,5,0,1,0.5,0,1,554,3286,3286,65,969,,,6.073,electronics
fixed_417.json,6,0,1,0.75,0,1,554,5263,5263,83,1334,,,7.673,fashion
fixed_418.json,6,0,1,0.6666666666666666,0,1,554,4377,4377,92,1043,,,7.673,food
fixed_419.json,6,1,1,1.0,1,1,554,4421,4421,88,1042,,,7.073,beauty
fixed_420.json,4,1,1,1.0,0,1,554,2200,2200,51,861,,,4.473,food
fixed_421.json,5,0,1,0.6666666666666666,0,1,554,3478,3478,95,1055,,,6.073,fashion
fixed_422.json,5,0,1,0.3333333333333333,1,1,554,3285,3285,71,990,,,6.873,beauty
fixed_423.json,4,1,1,1.0,0,1,554,2315,2315,54,933,,,4.473,beauty
fixed_424.json,6,0,1,0.75,1,1,554,4210,4210,79,978,,,7.673,fashion
fixed_425.json,5,0,1,0.6666666666666666,0,1,554,3314,3314,67,974,,,6.073,furniture
fixed_426.json,5,0,1,0.2,0,1,554,3461,3461,76,1026,,,6.073,electronics
fixed_427.json,7,0,1,0.6666666666666666,1,1,554,5835,5835,103,1178,,,9.273,furniture
fixed_428.json,6,0,1,0.5,0,1,554,4238,4238,88,999,,,7.673,fashion
fixed_429.json,4,1,1,1.0,0,1,554,2291,2291,76,906,,,4.473,beauty
fixed_430.json,4,0,1,0.3333333333333333,0,1,554,2180,2180,54,852,,,4.473,furniture
fixed_431.json,6,1,1,1.0,0,1,554,5874,5874,86,1548,,,7.673,food
fixed_432.json,6,0,1,0.1,0,1,554,4340,4340,78,1021,,,7.673,fashion
fixed_433.json,5,0,1,0.75,0,1,554,3341,3341,69,1009,,,6.073,fashion
fixed_434.json,5,1,1,1.0,0,1,554,3314,3314,69,971,,,6.073,furniture
fixed_435.json,5,0,1,0.05,0,1,554,3385,3385,106,1006,,,6.073,food
fixed_436.json,5,0,1,0.75,0,1,554,3099,3099,65,900,,,6.073,fashion
fixed_437.json,4,0,1,0.6666666666666666,0,1,554,2436,2436,51,992,,,4.473,food
fixed_438.json,4,0,1,0.25,0,1,554,2273,2273,52,891,,,4.473,electronics
fixed_439.json,6,0,1,0.75,1,1,554,4278,4278,94,995,,,7.673,fashion
fixed_440.json,4,0,1,0.6666666666666666,0,1,554,2386,2386,50,958,,,4.473,beauty
fixed_441.json,7,1,1,1.0,0,1,554,6472,6472,103,1467,,,8.573,furniture
fixed_442.json,15,0,0,0.0,1,0,554,18458,18458,756,1508,,,14.659,fashion
fixed_443.json,7,1,1,1.0,1,1,554,6239,6239,106,1373,,,10.073,fashion
fixed_444.json,4,1,1,1.0,0,1,554,2393,2393,51,984,,,4.473,furniture
fixed_445.json,15,0,0,0.0,1,0,554,19906,19906,278,2028,,,23.673,food
fixed_446.json,5,0,1,0.6666666666666666,0,1,554,3480,3480,67,1042,,,6.073,food
fixed_447.json,4,0,1,0.5,0,1,554,2285,2285,53,909,,,4.473,furniture
fixed_448.json,5,1,1,1.0,0,1,554,3208,3208,65,937,,,6.073,electronics
fixed_449.json,7,0,1,0.6666666666666666,1,1,554,5545,5545,103,1180,,,9.473,fashion
fixed_450.json,4,1,1,1.0,0,1,554,2277,2277,70,896,,,4.473,beauty
fixed_451.json,15,0,0,0.0,1,0,554,21368,21368,235,2150,,,17.273,beauty
fixed_452.json,5,0,1,0.25,1,1,554,3146,3146,68,906,,,6.073,food
fixed_453.json,15,0,0,0.0,1,0,554,21339,21339,293,1788,,,20.373,furniture
fixed_454.json,11,0,1,0.6666666666666666,1,1,554,11343,11343,153,1574,,,12.573,beauty
fixed_455.json,6,0,1,0.1,0,1,554,4174,4174,83,966,,,7.673,fashion
fixed_456.json,5,0,1,0.25,0,1,554,3582,3582,74,1091,,,6.073,food
fixed_457.json,5,0,1,0.5,0,1,554,4330,4330,64,1472,,,6.073,furniture
fixed_458.json,4,1,1,1.0,0,1,554,2321,2321,48,931,,,4.473,beauty
fixed_459.json,8,0,1,0.05,1,1,554,6827,6827,144,1231,,,10.973,food
fixed_460.json,15,0,0,0.0,1,0,554,14865,14865,336,1244,,,33.973,food
fixed_461.json,6,1,1,1.0,1,1,554,4279,4279,72,1091,,,7.873,beauty
fixed_462.json,5,0,1,0.6666666666666666,1,1,554,3226,3226,74,970,,,6.873,furniture
fixed_463.json,6,0,1,0.6,0,1,554,4626,4626,77,1091,,,7.673,electronics
fixed_464.json,7,0,1,0.6,1,1,554,5586,5586,115,1198,,,9.473,furniture
fixed_465.json,4,0,1,0.6666666666666666,0,1,554,2417,2417,58,969,,,4.473,beauty
fixed_466.json,6,1,1,1.0,0,1,554,4435,4435,85,1045,,,7.673,fashion
fixed_467.json,12,0,1,0.0,1,1,554,14847,14847,169,1972,,,15.073,fashion
fixed_468.json,6,0,1,0.6666666666666666,1,1,554,4636,4636,101,1122,,,7.673,food
fixed_469.json,7,0,1,0.5,1,1,554,5862,5862,123,1281,,,10.273,electronics
fixed_470.json,4,1,1,1.0,0,1,554,2379,2379,47,963,,,4.473,fashion
fixed_471.json,6,1,1,1.0,0,1,554,4251,4251,79,994,,,7.673,fashion
fixed_472.json,15,0,0,0.0,1,0,554,18146,18146,604,1527,,,15.473,fashion
fixed_473.json,4,1,1,1.0,0,1,554,2337,2337,49,932,,,4.473,food
fixed_474.json,5,1,1,1.0,0,1,554,3416,3416,69,1028,,,6.073,fashion
fixed_475.json,5,0,1,0.5,0,1,554,3308,3308,87,1006,,,6.073,furniture
fixed_476.json,4,0,1,0.1,0,1,554,2269,2269,51,893,,,4.473,furniture
fixed_477.json,4,0,1,0.5,0,1,554,2426,2426,56,981,,,4.473,beauty
fixed_478.json,6,1,1,1.0,0,1,554,4434,4434,81,1053,,,7.673,fashion
fixed_479.json,6,0,1,0.5,0,1,554,4498,4498,88,1069,,,7.673,furniture
fixed_480.json,5,1,1,1.0,0,1,554,3304,3304,69,966,,,6.073,furniture
fixed_481.json,4,1,1,1.0,0,1,554,2302,2302,47,912,,,4.473,beauty
fixed_482.json,4,0,1,0.6666666666666666,0,1,554,2343,2343,50,940,,,4.473,food
fixed_483.json,4,1,1,1.0,0,1,554,2238,2238,51,882,,,4.473,electronics
fixed_484.json,6,0,1,0.75,1,1,554,4308,4308,95,1042,,,8.473,food
fixed_485.json,6,1,1,1.0,0,1,554,4411,4411,81,1053,,,7.673,fashion
fixed_486.json,5,1,1,1.0,0,1,554,3525,3525,69,1069,,,6.073,food
fixed_487.json,5,1,1,1.0,0,1,554,3317,3317,62,979,,,6.073,beauty
fixed_488.json,6,0,1,0.75,1,1,554,4170,4170,81,1016,,,8.473,beauty
fixed_489.json,5,1,1,1.0,0,1,554,3413,3413,60,1016,,,6.073,beauty
fixed_490.json,5,0,1,0.75,0,1,554,3255,3255,62,955,,,6.073,furniture
fixed_491.json,4,0,1,0.25,0,1,554,2332,2332,52,939,,,4.473,furniture
fixed_492.json,5,0,1,0.75,0,1,554,3625,3625,72,1128,,,6.073,electronics
fixed_493.json,6,0,1,0.25,0,1,554,6466,6466,86,1726,,,7.673,furniture
fixed_494.json,8,0,1,0.6666666666666666,1,1,554,6102,6102,109,1020,,,10.873,fashion
fixed_495.json,5,1,1,1.0,0,1,554,3325,3325,68,981,,,6.073,beauty
fixed_496.json,4,1,1,1.0,0,1,554,2318,2318,49,918,,,4.473,furniture
fixed_497.json,6,0,1,0.6666666666666666,1,1,554,4103,4103,94,1008,,,8.473,furniture
fixed_498.json,5,0,1,0.8,0,1,554,4262,4262,81,1404,,,6.073,electronics
fixed_499.json,6,0,1,0.6,0,1,554,4627,4627,85,1115,,,7.673,furniture
fixed_500.json,6,1,1,1.0,0,1,554,4912,4912,98,1218,,,7.673,fashion
fixed_501.json,6,1,1,1.0,0,1,554,4980,4980,88,1232,,,7.673,fashion
fixed_502.json,4,0,1,0.6666666666666666,0,1,554,2350,2350,52,944,,,4.473,beauty
fixed_503.json,4,0,1,0.0,0,1,554,2339,2339,52,935,,,4.473,food
fixed_504.json,15,0,0,0.0,1,0,554,14579,14579,317,1242,,,33.973,fashion
fixed_505.json,6,1,1,1.0,0,1,554,4548,4548,96,1095,,,7.673,beauty
fixed_506.json,5,0,1,0.6666666666666666,0,1,554,3380,3380,69,996,,,6.073,beauty
fixed_507.json,9,1,1,1.0,1,1,554,8877,8877,156,1559,,,11.473,electronics
fixed_508.json,11,0,1,0.6,1,1,554,11587,11587,207,1829,,,12.573,food
fixed_509.json,7,0,1,0.3333333333333333,1,1,554,6023,6023,115,1224,,,9.273,furniture
fixed_510.json,6,0,1,0.75,1,1,554,4349,4349,85,1021,,,7.673,food
fixed_511.json,4,1,1,1.0,0,1,554,2448,2448,48,1016,,,4.473,food
fixed_512.json,5,1,1,1.0,0,1,554,3998,3998,71,1310,,,6.073,furniture
fixed_513.json,4,1,1,1.0,0,1,554,2186,2186,50,848,,,4.473,furniture
fixed_514.json,6,0,1,0.6666666666666666,0,1,554,4383,4383,83,1032,,,7.673,fashion
fixed_515.json,13,0,1,0.5,1,1,554,17789,17789,189,2266,,,17.073,beauty
fixed_516.json,7,0,1,0.1,1,1,554,5116,5116,100,1010,,,10.073,fashion
fixed_517.json,5,1,1,1.0,0,1,554,3666,3666,72,1107,,,6.073,beauty
fixed_518.json,15,0,0,0.0,1,0,554,19490,19490,405,1655,,,23.473,beauty
fixed_519.json,5,1,1,1.0,0,1,554,3337,3337,66,996,,,6.073,beauty
fixed_520.json,15,0,0,0.0,1,0,554,26978,26978,311,2592,,,16.473,furniture
fixed_521.json,6,1,1,1.0,0,1,554,5211,5211,89,1311,,,7.673,fashion
fixed_522.json,4,1,1,1.0,0,1,554,2261,2261,48,881,,,4.473,food
fixed_523.json,6,1,1,1.0,0,1,554,4537,4537,76,1082,,,7.673,fashion
fixed_524.json,5,1,1,1.0,0,1,554,3347,3347,63,986,,,6.073,beauty
fixed_525.json,5,1,1,1.0,0,1,554,3415,3415,74,1012,,,6.073,beauty
fixed_526.json,6,1,1,1.0,0,1,554,4848,4848,78,1160,,,7.673,furniture
fixed_527.json,7,0,1,0.75,1,1,554,6386,6386,102,1455,,,10.073,food
fixed_528.json,15,0,0,0.0,1,0,554,18522,18522,515,1625,,,23.173,electronics
fixed_529.json,6,1,1,1.0,0,1,554,4751,4751,85,1168,,,7.673,fashion
fixed_530.json,5,1,1,1.0,0,1,554,3154,3154,62,915,,,6.073,furniture
fixed_531.json,4,0,1,0.5,0,1,554,2250,2250,47,886,,,4.473,beauty
fixed_532.json,4,0,1,0.3333333333333333,0,1,554,2272,2272,51,893,,,4.473,beauty
fixed_533.json,6,0,1,0.75,0,1,554,4723,4723,101,1144,,,7.673,fashion
fixed_534.json,15,0,0,0.0,1,0,554,18630,18630,793,1555,,,14.659,beauty
fixed_535.json,4,0,1,0.6666666666666666,0,1,554,2369,2369,55,946,,,4.473,beauty
fixed_536.json,4,1,1,1.0,0,1,554,2304,2304,54,917,,,4.473,furniture
fixed_537.json,7,1,1,1.0,1,1,554,9347,9347,90,2049,,,9.273,fashion
fixed_538.json,6,0,1,0.7142857142857143,0,1,554,4454,4454,83,1055,,,7.673,furniture
fixed_539.json,6,1,1,1.0,0,1,554,4330,4330,79,1007,,,7.673,fashion
fixed_540.json,6,0,1,0.0,0,1,554,4245,4245,82,996,,,7.673,fashion
fixed_541.json,5,1,1,1.0,0,1,554,3389,3389,68,1005,,,6.073,furniture
fixed_542.json,5,0,1,0.75,0,1,554,3536,3536,65,1068,,,6.073,beauty
fixed_543.json,6,1,1,1.0,0,1,554,4232,4232,105,985,,,7.673,fashion
fixed_544.json,15,0,0,0.0,1,0,554,22507,22507,239,1967,,,14.773,beauty
fixed_545.json,4,1,1,1.0,0,1,554,2293,2293,47,912,,,4.473,beauty
fixed_546.json,5,1,1,1.0,0,1,554,3302,3302,61,969,,,6.073,beauty
fixed_547.json,4,0,1,0.75,0,1,554,2342,2342,48,941,,,4.473,beauty
fixed_548.json,5,1,1,1.0,0,1,554,3350,3350,74,1010,,,6.073,food
fixed_549.json,5,0,1,0.6666666666666666,0,1,554,3355,3355,61,996,,,6.073,electronics
fixed_550.json,5,0,1,0.6,0,1,554,3327,3327,68,978,,,6.073,furniture
fixed_551.json,6,1,1,1.0,0,1,554,4401,4401,88,1043,,,7.673,fashion
fixed_552.json,5,0,1,0.3333333333333333,0,1,554,3321,3321,68,978,,,6.073,electronics
fixed_553.json,13,0,1,0.0666666666666666,1,1,554,13776,13776,201,1629,,,14.473,food
fixed_554.json,6,1,1,1.0,0,1,554,4358,4358,81,1018,,,7.673,fashion
fixed_555.json,4,0,1,0.025,0,1,554,2367,2367,49,964,,,4.473,beauty
fixed_556.json,5,0,1,0.1,0,1,554,3453,3453,92,1062,,,6.073,fashion
fixed_557.json,6,1,1,1.0,0,1,554,4656,4656,91,1112,,,7.673,food
fixed_558.json,6,0,1,0.75,0,1,554,4649,4649,74,1096,,,7.673,electronics
fixed_559.json,5,0,1,0.3333333333333333,0,1,554,3275,3275,62,962,,,6.073,food
fixed_560.json,11,1,1,1.0,1,1,554,12139,12139,159,1667,,,11.373,electronics
fixed_561.json,6,1,1,1.0,0,1,554,4831,4831,87,1141,,,7.673,beauty
fixed_562.json,4,0,1,0.6666666666666666,0,1,554,2340,2340,50,943,,,4.473,food
fixed_563.json,15,0,0,0.0,1,0,554,16610,16610,464,1529,,,17.073,beauty
fixed_564.json,4,1,1,1.0,0,1,554,2354,2354,51,942,,,4.473,electronics
fixed_565.json,6,0,1,0.8571428571428571,0,1,554,5167,5167,85,1262,,,7.673,electronics
fixed_566.json,11,0,1,0.0333333333333333,1,1,554,11208,11208,164,1669,,,16.173,food
fixed_567.json,6,0,1,0.8,1,1,554,4684,4684,89,1101,,,7.673,food
fixed_568.json,4,0,1,0.3333333333333333,0,1,554,2285,2285,48,909,,,4.473,beauty
fixed_569.json,5,1,1,1.0,0,1,554,3372,3372,62,1001,,,6.073,beauty
fixed_570.json,6,0,1,0.0,0,1,554,4300,4300,87,1007,,,7.673,fashion
fixed_571.json,4,0,1,0.6666666666666666,0,1,554,2401,2401,51,973,,,4.473,electronics
fixed_572.json,6,1,1,1.0,0,1,554,4204,4204,76,976,,,7.673,fashion
fixed_573.json,6,1,1,1.0,0,1,554,4615,4615,89,1105,,,7.673,food
fixed_574.json,4,0,1,0.75,0,1,554,2349,2349,50,943,,,4.473,food
fixed_575.json,5,0,1,0.3333333333333333,0,1,554,3285,3285,99,975,,,6.073,fashion
fixed_576.json,4,0,1,0.0,0,1,554,2478,2478,54,1020,,,4.473,food
fixed_577.json,6,1,1,1.0,0,1,554,4348,4348,80,1029,,,7.673,furniture
fixed_578.json,5,0,1,0.6666666666666666,0,1,554,3367,3367,69,1031,,,6.073,beauty
fixed_579.json,15,0,0,0.0,1,0,554,24458,24458,272,2431,,,14.773,electronics
fixed_580.json,5,0,1,0.3333333333333333,0,1,554,3500,3500,73,1062,,,6.073,food
fixed_581.json,4,0,1,0.6666666666666666,0,1,554,2320,2320,50,933,,,4.473,food
fixed_582.json,4,0,1,0.5,0,1,554,2273,2273,53,896,,,4.473,furniture
fixed_583.json,4,0,1,0.3333333333333333,0,1,554,2293,2293,50,907,,,4.473,electronics
fixed_584.json,4,1,1,1.0,0,1,554,2304,2304,49,934,,,4.473,electronics
fixed_585.json,7,1,1,1.0,1,1,554,5245,5245,109,1041,,,9.273,beauty
fixed_586.json,15,0,0,0.0,1,0,554,19361,19361,238,1952,,,15.873,food
fixed_587.json,7,1,1,1.0,1,1,554,5413,5413,149,1100,,,10.073,food
fixed_588.json,13,0,1,0.3333333333333333,1,1,554,14970,14970,195,1820,,,13.973,electronics
fixed_589.json,10,0,1,0.25,1,1,554,12077,12077,137,1975,,,8.273,electronics
fixed_590.json,4,0,1,0.1666666666666666,0,1,554,2195,2195,49,855,,,4.473,furniture
fixed_591.json,5,0,1,0.5,0,1,554,3538,3538,82,1069,,,6.073,furniture
fixed_592.json,5,1,1,1.0,0,1,554,3474,3474,74,1052,,,6.073,food
fixed_593.json,15,1,1,1.0,1,0,554,26823,26823,249,2946,,,14.773,furniture
fixed_594.json,6,1,1,1.0,0,1,554,5718,5718,118,1453,,,7.673,furniture
fixed_595.json,6,1,1,1.0,0,1,554,4991,4991,99,1235,,,7.673,furniture
fixed_596.json,4,0,1,0.6666666666666666,0,1,554,2343,2343,50,939,,,4.473,beauty
fixed_597.json,6,0,1,0.1,0,1,554,4252,4252,77,997,,,7.673,fashion
fixed_598.json,5,0,1,0.5,0,1,554,3401,3401,85,1007,,,6.073,beauty
fixed_599.json,7,0,1,0.5,1,1,554,7875,7875,139,1682,,,10.073,furniture
fixed_600.json,6,1,1,1.0,1,1,554,4620,4620,111,1122,,,8.473,electronics
fixed_601.json,12,0,1,0.6666666666666666,1,1,554,11927,11927,168,1537,,,13.273,furniture
fixed_602.json,5,1,1,1.0,0,1,554,3172,3172,63,924,,,6.073,food
fixed_603.json,5,0,1,0.75,0,1,554,3350,3350,66,992,,,6.073,beauty
fixed_604.json,5,0,1,0.3333333333333333,0,1,554,3489,3489,67,1045,,,6.073,electronics
fixed_605.json,4,1,1,1.0,0,1,554,2293,2293,47,915,,,4.473,beauty
fixed_606.json,5,1,1,1.0,0,1,554,3332,3332,61,981,,,6.073,beauty
fixed_607.json,4,0,1,0.5,0,1,554,2307,2307,49,914,,,4.473,electronics
fixed_608.json,6,1,1,1.0,1,1,554,4562,4562,90,1089,,,7.673,fashion
fixed_609.json,5,0,1,0.6666666666666666,0,1,554,3215,3215,60,948,,,6.073,fashion
fixed_610.json,15,0,0,0.0,1,0,554,23635,23635,285,2865,,,18.873,beauty
fixed_611.json,6,0,1,0.4,1,1,554,4624,4624,105,1138,,,8.473,food
fixed_612.json,15,0,0,0.0,1,0,554,16867,16867,392,1489,,,14.573,beauty
fixed_613.json,5,0,1,0.3333333333333333,0,1,554,3337,3337,65,991,,,6.073,electronics
fixed_614.json,4,0,1,0.6666666666666666,0,1,554,2317,2317,54,923,,,4.473,furniture
fixed_615.json,5,0,1,0.3333333333333333,0,1,554,3812,3812,79,1203,,,6.073,electronics
fixed_616.json,6,0,1,0.5,0,1,554,4187,4187,82,974,,,7.673,fashion
fixed_617.json,5,1,1,1.0,0,1,554,3291,3291,89,996,,,6.073,food
fixed_618.json,6,1,1,1.0,0,1,554,4621,4621,88,1110,,,7.673,food
fixed_619.json,5,0,1,0.75,0,1,554,3446,3446,76,1024,,,6.073,fashion
fixed_620.json,5,1,1,1.0,0,1,554,3348,3348,67,999,,,6.073,fashion
fixed_621.json,5,0,1,0.3333333333333333,0,1,554,3529,3529,77,1076,,,6.073,electronics
fixed_622.json,5,0,1,0.6666666666666666,0,1,554,3697,3697,82,1138,,,6.073,furniture
fixed_623.json,4,1,1,1.0,0,1,554,2391,2391,47,968,,,4.473,beauty
fixed_624.json,15,0,1,0.6666666666666666,1,0,554,15956,15956,308,1528,,,10.773,food
fixed_625.json,5,0,1,0.0333333333333333,0,1,554,3178,3178,70,931,,,6.073,fashion
fixed_626.json,6,1,1,1.0,0,1,554,4489,4489,86,1072,,,7.673,fashion
fixed_627.json,11,0,1,0.75,1,1,554,11722,11722,158,1566,,,12.573,furniture
fixed_628.json,4,1,1,1.0,0,1,554,2352,2352,51,944,,,4.473,beauty
fixed_629.json,4,0,1,0.6666666666666666,0,1,554,2421,2421,49,992,,,4.473,beauty
fixed_630.json,6,0,1,0.0,0,1,554,4787,4787,79,1171,,,7.673,fashion
fixed_631.json,4,1,1,1.0,0,1,554,2283,2283,47,906,,,4.473,food
fixed_632.json,13,0,1,0.25,0,1,554,15169,15169,225,1927,,,17.473,food
fixed_633.json,4,1,1,1.0,0,1,554,2353,2353,56,949,,,4.473,beauty
fixed_634.json,7,1,1,1.0,1,1,554,6733,6733,102,1382,,,9.273,beauty
fixed_635.json,5,1,1,1.0,0,1,554,3201,3201,63,945,,,6.073,furniture
fixed_636.json,5,1,1,1.0,0,1,554,3438,3438,66,1029,,,6.073,electronics
fixed_637.json,6,0,1,0.3333333333333333,0,1,554,4331,4331,79,1016,,,7.673,electronics
fixed_638.json,5,0,1,0.3333333333333333,0,1,554,3415,3415,75,1017,,,6.073,furniture
fixed_639.json,4,0,1,0.6666666666666666,0,1,554,2301,2301,49,912,,,4.473,beauty
fixed_640.json,5,0,1,0.0333333333333333,1,1,554,3462,3462,69,1025,,,6.073,beauty
fixed_641.json,5,1,1,1.0,0,1,554,3265,3265,64,960,,,6.073,electronics
fixed_642.json,5,1,1,1.0,0,1,554,3799,3799,70,1221,,,6.073,fashion
fixed_643.json,6,1,1,1.0,0,1,554,4337,4337,82,1023,,,7.673,fashion
fixed_644.json,6,1,1,1.0,0,1,554,4249,4249,79,994,,,7.673,beauty
fixed_645.json,15,0,0,0.0,1,0,554,19020,19020,264,1810,,,15.873,fashion
fixed_646.json,6,1,1,1.0,0,1,554,4596,4596,85,1093,,,7.673,food
fixed_647.json,6,0,1,0.75,0,1,554,4613,4613,82,1104,,,7.673,beauty
fixed_648.json,6,0,1,0.4,0,1,554,5064,5064,91,1244,,,7.673,furniture
fixed_649.json,15,0,0,0.0,1,0,554,19551,19551,231,1652,,,13.473,beauty
fixed_650.json,6,0,1,0.0,0,1,554,5507,5507,98,1393,,,7.673,beauty
fixed_651.json,5,0,1,0.5,0,1,554,3209,3209,65,934,,,6.073,fashion
fixed_652.json,5,0,1,0.3333333333333333,0,1,554,3437,3437,95,1038,,,6.073,fashion
fixed_653.json,5,0,1,0.8,0,1,554,3336,3336,66,996,,,6.073,furniture
fixed_654.json,5,0,1,0.05,0,1,554,3433,3433,63,1011,,,6.073,furniture
fixed_655.json,6,1,1,1.0,0,1,554,4376,4376,82,1031,,,7.673,fashion
fixed_656.json,6,0,1,0.5,0,1,554,4400,4400,82,1032,,,7.673,electronics
fixed_657.json,5,0,1,0.6666666666666666,1,1,554,3267,3267,81,968,,,6.073,electronics
fixed_658.json,4,1,1,1.0,0,1,554,2304,2304,44,923,,,4.473,food
fixed_659.json,5,1,1,1.0,0,1,554,3349,3349,64,988,,,6.073,beauty
fixed_660.json,5,0,1,0.3333333333333333,1,1,554,3250,3250,64,982,,,6.873,food
fixed_661.json,11,0,1,0.6666666666666666,1,1,554,10598,10598,165,1481,,,12.573,furniture
fixed_662.json,5,1,1,1.0,0,1,554,3330,3330,59,983,,,6.073,beauty
fixed_663.json,4,0,1,0.0,0,1,554,2251,2251,45,898,,,4.473,food
fixed_664.json,4,1,1,1.0,0,1,554,2324,2324,52,933,,,4.473,beauty
fixed_665.json,15,0,0,0.0,1,0,554,21620,21620,256,1873,,,14.273,furniture
fixed_666.json,15,0,0,0.0,1,0,554,15418,15418,404,1365,,,28.373,electronics
fixed_667.json,5,0,1,0.6666666666666666,0,1,554,3281,3281,61,966,,,6.073,beauty
fixed_668.json,6,1,1,1.0,0,1,554,7575,7575,90,2102,,,7.673,fashion
fixed_669.json,6,0,1,0.5,0,1,554,4256,4256,89,1012,,,7.673,furniture
fixed_670.json,7,0,1,0.6666666666666666,1,1,554,5563,5563,111,1172,,,10.073,fashion
fixed_671.json,5,1,1,1.0,0,1,554,3300,3300,62,974,,,6.073,food
fixed_672.json,4,0,1,0.3333333333333333,0,1,554,2402,2402,49,973,,,4.473,food
fixed_673.json,6,1,1,1.0,0,1,554,5277,5277,114,1324,,,7.673,furniture
fixed_674.json,5,0,1,0.5,0,1,554,3268,3268,67,978,,,6.073,furniture
fixed_675.json,4,1,1,1.0,0,1,554,2254,2254,48,890,,,4.473,food
fixed_676.json,6,0,1,0.6666666666666666,0,1,554,4393,4393,86,1046,,,7.673,food
fixed_677.json,6,0,1,0.75,1,1,554,4381,4381,79,1032,,,7.673,furniture
fixed_678.json,6,1,1,1.0,0,1,554,4534,4534,82,1079,,,7.673,fashion
fixed_679.json,5,0,1,0.5,0,1,554,3775,3775,71,1215,,,6.073,fashion
fixed_680.json,5,0,1,0.6666666666666666,0,1,554,3300,3300,70,979,,,6.073,electronics
fixed_681.json,6,0,1,0.75,0,1,554,5009,5009,95,1247,,,7.673,fashion
fixed_682.json,15,0,0,0.0,1,0,554,22432,22432,268,2061,,,15.673,beauty
fixed_683.json,4,1,1,1.0,0,1,554,2606,2606,60,1068,,,4.473,electronics
fixed_684.json,5,0,1,0.6666666666666666,0,1,554,3298,3298,62,982,,,6.073,food
fixed_685.json,4,0,1,0.75,0,1,554,2454,2454,53,996,,,4.473,beauty
fixed_686.json,15,0,0,0.0,1,0,554,23079,23079,259,2545,,,17.373,electronics
fixed_687.json,5,1,1,1.0,0,1,554,3636,3636,68,1091,,,6.073,food
fixed_688.json,4,1,1,1.0,0,1,554,2380,2380,46,963,,,4.473,fashion
fixed_689.json,6,0,1,0.0,0,1,554,4783,4783,78,1171,,,7.673,fashion
fixed_690.json,4,0,1,0.3333333333333333,0,1,554,2333,2333,48,938,,,4.473,food
fixed_691.json,15,0,0,0.0,1,0,554,18232,18232,304,1660,,,17.973,electronics
fixed_692.json,4,0,1,0.5,0,1,554,2402,2402,53,964,,,4.473,beauty
fixed_693.json,6,1,1,1.0,0,1,554,4521,4521,80,1058,,,7.673,furniture
fixed_694.json,5,0,1,0.6666666666666666,0,1,554,3339,3339,58,981,,,6.073,beauty
fixed_695.json,5,0,1,0.0,0,1,554,3517,3517,67,1053,,,6.073,beauty
fixed_696.json,15,0,0,0.0,1,0,554,25664,25664,581,2644,,,19.273,furniture
fixed_697.json,7,0,1,0.5714285714285714,1,1,554,8938,8938,119,1921,,,9.273,furniture
fixed_698.json,4,0,1,0.75,0,1,554,2440,2440,61,979,,,4.473,electronics
fixed_699.json,4,0,1,0.3333333333333333,0,1,554,2332,2332,47,936,,,4.473,beauty
fixed_700.json,15,0,0,0.0,1,0,554,19995,19995,277,1954,,,15.273,beauty
fixed_701.json,5,0,1,0.5,0,1,554,3308,3308,69,980,,,6.073,furniture
fixed_702.json,6,1,1,1.0,0,1,554,4126,4126,84,956,,,7.673,furniture
fixed_703.json,5,1,1,1.0,0,1,554,3475,3475,71,1065,,,6.073,fashion
fixed_704.json,4,0,1,0.0,0,1,554,2317,2317,48,926,,,4.473,beauty
fixed_705.json,4,0,1,0.25,0,1,554,2375,2375,46,952,,,4.473,food
fixed_706.json,7,1,1,1.0,1,1,554,5282,5282,102,1045,,,8.873,fashion
fixed_707.json,6,0,1,0.75,0,1,554,4559,4559,90,1101,,,7.673,food
fixed_708.json,7,0,1,0.6666666666666666,1,1,554,5052,5052,90,977,,,9.273,fashion
fixed_709.json,5,1,1,1.0,0,1,554,4325,4325,90,1455,,,6.073,electronics
fixed_710.json,6,1,1,1.0,0,1,554,4551,4551,110,1077,,,7.673,fashion
fixed_711.json,6,0,1,0.0,1,1,554,4261,4261,106,1018,,,8.473,beauty
fixed_712.json,5,1,1,1.0,0,1,554,3378,3378,72,1002,,,6.073,food
fixed_713.json,6,0,1,0.6666666666666666,0,1,554,4348,4348,81,1018,,,7.673,fashion
fixed_714.json,6,1,1,1.0,0,1,554,4332,4332,91,1016,,,7.673,fashion
fixed_715.json,4,0,1,0.75,0,1,554,2312,2312,50,914,,,4.473,food
fixed_716.json,5,1,1,1.0,0,1,554,3805,3805,92,1224,,,6.073,furniture
fixed_717.json,5,0,1,0.3333333333333333,1,1,554,4798,4798,78,1706,,,6.073,beauty
fixed_718.json,15,1,1,1.0,1,0,554,19878,19878,300,2311,,,22.873,electronics
fixed_719.json,4,1,1,1.0,0,1,554,2295,2295,48,910,,,4.473,food
fixed_720.json,4,0,1,0.6666666666666666,0,1,554,2360,2360,48,944,,,4.473,furniture
fixed_721.json,7,0,1,0.25,1,1,554,5769,5769,99,1256,,,8.273,furniture
fixed_722.json,4,1,1,1.0,0,1,554,2267,2267,50,895,,,4.473,beauty
fixed_723.json,5,0,1,0.75,0,1,554,3369,3369,64,1000,,,6.073,fashion
fixed_724.json,12,0,1,0.5,1,1,554,12897,12897,188,1743,,,12.873,furniture
fixed_725.json,15,0,0,0.0,1,0,554,18688,18688,793,1559,,,14.659,beauty
fixed_726.json,4,0,1,0.6666666666666666,0,1,554,2366,2366,45,949,,,4.473,food
fixed_727.json,6,0,1,0.0,0,1,554,4553,4553,86,1080,,,7.673,furniture
fixed_728.json,12,0,1,0.6666666666666666,1,1,554,14274,14274,186,2084,,,12.673,electronics
fixed_729.json,4,0,1,0.1,0,1,554,2355,2355,49,952,,,4.473,beauty
fixed_730.json,5,0,1,0.5,0,1,554,4046,4046,89,1295,,,6.073,electronics
fixed_731.json,15,0,0,0.0,1,0,554,21167,21167,283,2489,,,13.073,electronics
fixed_732.json,5,1,1,1.0,0,1,554,3268,3268,65,962,,,6.073,food
fixed_733.json,15,0,0,0.0,1,0,554,24434,24434,243,2647,,,17.573,food
fixed_734.json,4,1,1,1.0,0,1,554,2318,2318,51,923,,,4.473,electronics
fixed_735.json,15,0,0,0.0,1,0,554,15056,15056,478,1410,,,32.373,food
fixed_736.json,5,1,1,1.0,0,1,554,3329,3329,71,979,,,6.073,food
fixed_737.json,4,0,1,0.1,0,1,554,2172,2172,48,844,,,4.473,food
fixed_738.json,4,0,1,0.3333333333333333,0,1,554,2294,2294,51,908,,,4.473,furniture
fixed_739.json,5,1,1,1.0,0,1,554,3015,3015,61,870,,,6.073,furniture
fixed_740.json,6,1,1,1.0,1,1,554,4191,4191,82,996,,,8.473,beauty
fixed_741.json,4,0,1,0.6666666666666666,0,1,554,2302,2302,45,912,,,4.473,electronics
fixed_742.json,4,1,1,1.0,0,1,554,2414,2414,51,975,,,4.473,electronics
fixed_743.json,7,0,1,0.6666666666666666,1,1,554,5046,5046,92,972,,,9.273,fashion
fixed_744.json,5,0,1,0.8,0,1,554,3479,3479,74,1048,,,6.073,electronics
fixed_745.json,4,0,1,0.0666666666666666,0,1,554,2365,2365,48,943,,,4.473,electronics
fixed_746.json,15,0,0,0.0,1,0,554,19600,19600,261,1804,,,16.173,furniture
fixed_747.json,5,0,1,0.6666666666666666,0,1,554,3548,3548,59,1156,,,5.473,beauty
fixed_748.json,7,0,1,0.75,1,1,554,5488,5488,110,1118,,,10.073,fashion
fixed_749.json,6,0,1,0.75,1,1,554,4566,4566,94,1116,,,7.673,fashion
fixed_750.json,5,1,1,1.0,0,1,554,3258,3258,64,952,,,6.073,beauty
fixed_751.json,6,0,1,0.25,0,1,554,4366,4366,87,1030,,,7.673,electronics
fixed_752.json,15,0,0,0.0,1,0,554,16766,16766,330,1481,,,12.973,beauty
fixed_753.json,5,1,1,1.0,0,1,554,3405,3405,70,1016,,,6.073,fashion
fixed_754.json,6,1,1,1.0,0,1,554,4311,4311,78,1030,,,7.673,furniture
fixed_755.json,4,0,1,0.3333333333333333,0,1,554,2264,2264,50,891,,,4.473,beauty
fixed_756.json,6,1,1,1.0,0,1,554,4529,4529,85,1078,,,7.673,fashion
fixed_757.json,5,1,1,1.0,0,1,554,3423,3423,61,1023,,,6.073,furniture
fixed_758.json,15,0,0,0.0,1,0,554,25395,25395,306,2608,,,18.573,fashion
fixed_759.json,4,1,1,1.0,0,1,554,2306,2306,52,922,,,4.473,electronics
fixed_760.json,7,0,1,0.6666666666666666,0,1,554,6290,6290,93,1350,,,8.673,fashion
fixed_761.json,5,0,1,0.1,0,1,554,3377,3377,76,1030,,,6.073,fashion
fixed_762.json,7,0,1,0.8333333333333334,1,1,554,5058,5058,107,1005,,,8.873,furniture
fixed_763.json,7,1,1,1.0,1,1,554,5930,5930,104,1228,,,10.073,electronics
fixed_764.json,15,0,0,0.0,1,0,554,21215,21215,429,1873,,,19.773,beauty
fixed_765.json,15,0,0,0.0,1,0,554,15100,15100,407,1320,,,19.573,furniture
fixed_766.json,4,1,1,1.0,0,1,554,2318,2318,71,926,,,4.473,beauty
fixed_767.json,6,0,1,0.0333333333333333,0,1,554,4695,4695,80,1116,,,7.673,food
fixed_768.json,7,0,1,0.4,1,1,554,5434,5434,119,1059,,,9.273,beauty
fixed_769.json,5,0,1,0.25,0,1,554,3325,3325,62,984,,,6.073,food
fixed_770.json,5,1,1,1.0,0,1,554,3419,3419,67,1016,,,6.073,beauty
fixed_771.json,15,0,0,0.0,1,0,554,23567,23567,262,2418,,,16.273,electronics
fixed_772.json,6,0,1,0.6666666666666666,1,1,554,4387,4387,85,1058,,,7.273,electronics
fixed_773.json,15,0,0,0.0,0,0,554,33673,33673,247,4033,,,17.473,fashion
fixed_774.json,4,1,1,1.0,0,1,554,2313,2313,50,919,,,4.473,beauty
fixed_775.json,8,0,1,0.5,1,1,554,6764,6764,112,1125,,,10.873,food
fixed_776.json,15,0,0,0.0,1,0,554,15444,15444,307,1300,,,33.973,electronics
fixed_777.json,4,0,1,0.75,0,1,554,2438,2438,54,1007,,,4.473,furniture
fixed_778.json,5,0,1,0.0333333333333333,0,1,554,3540,3540,65,1066,,,6.073,electronics
fixed_779.json,6,0,1,0.0,1,1,554,4420,4420,102,1157,,,7.873,electronics
fixed_780.json,8,0,1,0.8,1,1,554,8540,8540,151,1650,,,11.673,food
fixed_781.json,4,0,1,0.6666666666666666,0,1,554,2365,2365,55,953,,,4.473,furniture
fixed_782.json,15,0,0,0.0,1,0,554,22889,22889,270,2581,,,19.973,food
fixed_783.json,4,0,1,0.0333333333333333,0,1,554,2357,2357,85,941,,,4.473,food
fixed_784.json,4,0,1,0.5,0,1,554,2246,2246,47,892,,,4.473,furniture
fixed_785.json,5,1,1,1.0,0,1,554,3523,3523,71,1058,,,6.073,food
fixed_786.json,5,1,1,1.0,0,1,554,3210,3210,60,935,,,6.073,beauty
fixed_787.json,5,0,1,0.75,0,1,554,3562,3562,61,1076,,,6.073,food
fixed_788.json,6,1,1,1.0,0,1,554,4122,4122,77,955,,,7.673,fashion
fixed_789.json,4,0,1,0.6666666666666666,0,1,554,2376,2376,49,959,,,4.473,beauty
fixed_790.json,5,1,1,1.0,0,1,554,3601,3601,69,1119,,,6.073,electronics
fixed_791.json,7,1,1,1.0,1,1,554,5493,5493,103,1119,,,10.073,beauty
fixed_792.json,5,0,1,0.5,0,1,554,3222,3222,60,942,,,6.073,furniture
fixed_793.json,5,1,1,1.0,0,1,554,3061,3061,67,885,,,6.073,food
fixed_794.json,5,0,1,0.8,0,1,554,3535,3535,70,1056,,,6.073,furniture
fixed_795.json,6,1,1,1.0,0,1,554,5235,5235,92,1313,,,7.673,fashion
fixed_796.json,5,0,1,0.25,0,1,554,3516,3516,73,1066,,,6.073,food
fixed_797.json,5,1,1,1.0,0,1,554,3374,3374,64,999,,,6.073,beauty
fixed_798.json,12,0,1,0.6666666666666666,1,1,554,12840,12840,187,1681,,,14.173,food
fixed_799.json,4,0,1,0.4,0,1,554,2388,2388,51,965,,,4.473,electronics
fixed_800.json,4,1,1,1.0,0,1,554,2454,2454,52,1000,,,4.473,electronics
fixed_801.json,6,1,1,1.0,0,1,554,4257,4257,83,1000,,,7.673,fashion
fixed_802.json,4,0,1,0.6666666666666666,0,1,554,2315,2315,51,918,,,4.473,food
fixed_803.json,4,1,1,1.0,0,1,554,2576,2576,49,1075,,,4.473,electronics
fixed_804.json,7,0,1,0.8,1,1,554,6008,6008,121,1286,,,10.073,food
fixed_805.json,5,0,1,0.5,0,1,554,3292,3292,65,965,,,6.073,beauty
fixed_806.json,9,0,1,0.6666666666666666,1,1,554,12170,12170,144,3093,,,12.873,furniture
fixed_807.json,6,0,1,0.75,0,1,554,4715,4715,79,1140,,,7.673,fashion
fixed_808.json,4,0,1,0.125,0,1,554,2295,2295,51,904,,,4.473,food
fixed_809.json,5,0,1,0.3333333333333333,0,1,554,3167,3167,70,937,,,6.073,fashion
fixed_810.json,4,1,1,1.0,0,1,554,2451,2451,57,991,,,4.473,electronics
fixed_811.json,4,0,1,0.5,0,1,554,2338,2338,49,940,,,4.473,beauty
fixed_812.json,5,0,1,0.75,0,1,554,3336,3336,62,989,,,6.073,beauty
fixed_813.json,5,0,1,0.3333333333333333,0,1,554,3433,3433,81,1028,,,6.073,furniture
fixed_814.json,5,0,1,0.6666666666666666,1,1,554,3073,3073,73,893,,,6.073,furniture
fixed_815.json,6,1,1,1.0,0,1,554,4862,4862,85,1176,,,7.673,furniture
fixed_816.json,5,0,1,0.4,0,1,554,3596,3596,74,1093,,,6.073,food
fixed_817.json,4,1,1,1.0,0,1,554,2375,2375,52,960,,,4.473,beauty
fixed_818.json,5,1,1,1.0,0,1,554,3615,3615,67,1085,,,6.073,beauty
fixed_819.json,5,1,1,1.0,0,1,554,3470,3470,71,1020,,,6.073,electronics
fixed_820.json,4,0,1,0.6666666666666666,0,1,554,2501,2501,50,1045,,,4.473,food
fixed_821.json,5,0,1,0.0,0,1,554,3211,3211,66,937,,,6.073,fashion
fixed_822.json,6,0,1,0.0,1,1,554,4040,4040,90,956,,,8.473,food
fixed_823.json,4,1,1,1.0,0,1,554,2681,2681,57,1149,,,4.473,electronics
fixed_824.json,7,0,1,0.6666666666666666,1,1,554,5243,5243,94,1016,,,9.273,beauty
fixed_825.json,6,0,1,0.6666666666666666,0,1,554,4643,4643,78,1102,,,7.673,electronics
fixed_826.json,5,1,1,1.0,0,1,554,3328,3328,65,996,,,6.073,electronics
fixed_827.json,5,1,1,1.0,0,1,554,3540,3540,65,1057,,,6.073,electronics
fixed_828.json,8,0,1,0.6666666666666666,1,1,554,6706,6706,130,1146,,,12.473,electronics
fixed_829.json,5,1,1,1.0,0,1,554,3288,3288,66,972,,,6.073,fashion
fixed_830.json,4,1,1,1.0,0,1,554,2307,2307,51,921,,,4.473,beauty
fixed_831.json,6,0,1,0.0,1,1,554,4509,4509,98,1057,,,7.673,food
fixed_832.json,4,0,1,0.0,0,1,554,2277,2277,49,899,,,4.473,food
fixed_833.json,5,1,1,1.0,0,1,554,3686,3686,74,1109,,,6.073,electronics
fixed_834.json,5,1,1,1.0,0,1,554,3354,3354,63,993,,,6.073,beauty
fixed_835.json,6,0,1,0.5,0,1,554,5094,5094,103,1271,,,7.673,furniture
fixed_836.json,4,0,1,0.3333333333333333,0,1,554,2335,2335,51,937,,,4.473,food
fixed_837.json,4,0,1,0.6666666666666666,0,1,554,2215,2215,51,864,,,4.473,food
fixed_838.json,5,0,1,0.75,0,1,554,3562,3562,79,1075,,,6.073,food
fixed_839.json,4,0,1,0.6666666666666666,0,1,554,2309,2309,49,920,,,4.473,furniture
fixed_840.json,5,0,1,0.5,0,1,554,3455,3455,64,1030,,,6.073,beauty
fixed_841.json,4,0,1,0.6666666666666666,0,1,554,2323,2323,48,935,,,4.473,electronics
fixed_842.json,6,1,1,1.0,0,1,554,4554,4554,83,1080,,,7.673,beauty
fixed_843.json,5,1,1,1.0,0,1,554,3553,3553,78,1072,,,6.073,food
fixed_844.json,6,1,1,1.0,0,1,554,4309,4309,74,1005,,,7.673,fashion
fixed_845.json,10,0,1,0.05,1,1,554,11290,11290,189,1896,,,12.373,fashion
fixed_846.json,4,0,1,0.0,0,1,554,2323,2323,48,930,,,4.473,electronics
fixed_847.json,7,1,1,1.0,1,1,554,5487,5487,90,1077,,,9.273,fashion
fixed_848.json,10,1,1,1.0,0,1,554,9584,9584,159,1543,,,14.273,food
fixed_849.json,6,0,1,0.75,1,1,554,4243,4243,90,1013,,,8.473,furniture
fixed_850.json,7,0,1,0.6666666666666666,1,1,554,5554,5554,116,1111,,,10.073,electronics
fixed_851.json,5,1,1,1.0,0,1,554,3321,3321,70,986,,,6.073,furniture
fixed_852.json,4,1,1,1.0,0,1,554,2363,2363,52,948,,,4.473,beauty
fixed_853.json,15,0,0,0.0,1,0,554,19026,19026,297,1733,,,16.673,electronics
fixed_854.json,4,0,1,0.0,0,1,554,2239,2239,52,878,,,4.473,electronics
fixed_855.json,6,0,1,0.5,0,1,554,4367,4367,86,1029,,,7.673,fashion
fixed_856.json,5,1,1,1.0,0,1,554,3270,3270,59,960,,,6.073,beauty
fixed_857.json,6,0,1,0.6666666666666666,0,1,554,4626,4626,79,1105,,,7.673,furniture
fixed_858.json,5,1,1,1.0,0,1,554,3290,3290,67,970,,,6.073,food
fixed_859.json,5,1,1,1.0,0,1,554,3121,3121,63,905,,,6.073,fashion
fixed_860.json,6,1,1,1.0,0,1,554,4217,4217,80,991,,,7.673,food
fixed_861.json,6,0,1,0.75,0,1,554,4843,4843,90,1166,,,7.673,food
fixed_862.json,5,1,1,1.0,0,1,554,3353,3353,94,991,,,6.073,fashion
fixed_863.json,4,1,1,1.0,0,1,554,2389,2389,50,967,,,4.473,furniture
fixed_864.json,7,1,1,1.0,1,1,554,5373,5373,95,1105,,,7.273,electronics
fixed_865.json,4,1,1,1.0,0,1,554,2263,2263,52,895,,,4.473,electronics
fixed_866.json,15,0,0,0.0,1,0,554,18112,18112,408,1688,,,15.673,furniture
fixed_867.json,5,0,1,0.0666666666666666,0,1,554,3537,3537,67,1081,,,6.073,electronics
fixed_868.json,11,0,1,0.6666666666666666,1,1,554,10969,10969,158,1617,,,10.773,food
fixed_869.json,7,1,1,1.0,1,1,554,5575,5575,119,1152,,,10.073,food
fixed_870.json,8,1,1,1.0,1,1,554,6334,6334,117,1140,,,11.873,food
fixed_871.json,4,1,1,1.0,0,1,554,2440,2440,49,996,,,4.473,electronics
fixed_872.json,5,1,1,1.0,0,1,554,3330,3330,71,1000,,,6.073,fashion
fixed_873.json,5,1,1,1.0,0,1,554,3402,3402,69,1016,,,6.073,beauty
fixed_874.json,15,0,0,0.0,1,0,554,14902,14902,495,1266,,,14.659,beauty
fixed_875.json,5,0,1,0.3333333333333333,1,1,554,3744,3744,85,1152,,,6.073,food
fixed_876.json,4,0,1,0.6666666666666666,0,1,554,2288,2288,54,903,,,4.473,food
fixed_877.json,6,1,1,1.0,0,1,554,4731,4731,83,1117,,,7.673,electronics
fixed_878.json,7,0,1,0.5,1,1,554,6110,6110,141,1292,,,9.473,beauty
fixed_879.json,5,0,1,0.3333333333333333,0,1,554,3494,3494,71,1070,,,6.073,electronics
fixed_880.json,9,0,1,0.25,1,1,554,10497,10497,162,1711,,,13.273,furniture
fixed_881.json,4,1,1,1.0,0,1,554,2361,2361,48,952,,,4.473,furniture
fixed_882.json,6,0,1,0.3333333333333333,1,1,554,3986,3986,86,940,,,8.473,electronics
fixed_883.json,15,0,0,0.0,1,0,554,20735,20735,238,2108,,,17.273,beauty
fixed_884.json,5,0,1,0.75,0,1,554,3794,3794,66,1172,,,6.073,electronics
fixed_885.json,6,1,1,1.0,0,1,554,4703,4703,88,1122,,,7.673,furniture
fixed_886.json,5,1,1,1.0,0,1,554,3256,3256,64,959,,,6.073,fashion
fixed_887.json,6,0,1,0.8,1,1,554,4285,4285,79,998,,,7.673,fashion
fixed_888.json,6,1,1,1.0,0,1,554,4417,4417,86,1040,,,7.673,fashion
fixed_889.json,5,1,1,1.0,0,1,554,3482,3482,68,1060,,,6.073,food
fixed_890.json,6,0,1,0.8333333333333334,0,1,554,4800,4800,85,1170,,,7.673,beauty
fixed_891.json,6,1,1,1.0,0,1,554,4551,4551,110,1077,,,7.673,fashion
fixed_892.json,5,0,1,0.75,0,1,554,3295,3295,67,969,,,6.073,beauty
fixed_893.json,15,0,0,0.0,1,0,554,19722,19722,321,1690,,,24.273,electronics
fixed_894.json,5,1,1,1.0,0,1,554,3599,3599,72,1100,,,6.073,electronics
fixed_895.json,13,1,1,1.0,1,1,554,15754,15754,203,1893,,,14.173,beauty
fixed_896.json,15,0,0,0.0,1,0,554,15312,15312,409,1340,,,21.973,fashion
fixed_897.json,6,1,1,1.0,1,1,554,5356,5356,93,1351,,,7.573,furniture
fixed_898.json,5,1,1,1.0,0,1,554,3458,3458,70,1023,,,6.073,beauty
fixed_899.json,4,0,1,0.75,0,1,554,2389,2389,53,962,,,4.473,electronics
fixed_900.json,15,0,0,0.0,1,0,554,22950,22950,267,2270,,,19.273,electronics
fixed_901.json,5,1,1,1.0,0,1,554,3661,3661,74,1136,,,6.073,electronics
fixed_902.json,4,0,1,0.0,0,1,554,2154,2154,52,835,,,4.473,furniture
fixed_903.json,7,0,1,0.2,1,1,554,5695,5695,115,1137,,,10.073,furniture
fixed_904.json,8,0,1,0.4,1,1,554,6469,6469,106,1072,,,10.873,fashion
fixed_905.json,6,1,1,1.0,0,1,554,4339,4339,85,1029,,,7.673,beauty
fixed_906.json,5,1,1,1.0,0,1,554,3422,3422,64,1027,,,6.073,fashion
fixed_907.json,4,0,1,0.3333333333333333,0,1,554,2390,2390,54,960,,,4.473,electronics
fixed_908.json,5,1,1,1.0,0,1,554,3449,3449,94,1036,,,6.073,beauty
fixed_909.json,15,0,0,0.0,1,0,554,14124,14124,312,1200,,,33.973,fashion
fixed_910.json,6,1,1,1.0,1,1,554,4390,4390,96,1129,,,8.473,food
fixed_911.json,4,0,1,0.75,0,1,554,2397,2397,50,970,,,4.473,food
fixed_912.json,7,1,1,1.0,1,1,554,4927,4927,95,970,,,8.873,fashion
fixed_913.json,12,0,1,0.6666666666666666,1,1,554,8187,8187,90,1054,,,6.073,beauty
fixed_914.json,4,1,1,1.0,0,1,554,2303,2303,54,912,,,4.473,furniture
fixed_915.json,6,0,1,0.0,0,1,554,4485,4485,81,1074,,,7.673,fashion
fixed_916.json,5,0,1,0.6666666666666666,0,1,554,3532,3532,62,1091,,,6.073,beauty
fixed_917.json,7,0,1,0.6,1,1,554,5719,5719,125,1241,,,9.473,food
fixed_918.json,5,1,1,1.0,0,1,554,3326,3326,70,999,,,6.073,electronics
fixed_919.json,6,1,1,1.0,0,1,554,4635,4635,82,1115,,,7.673,fashion
fixed_920.json,6,0,1,0.6666666666666666,0,1,554,4157,4157,75,966,,,7.673,fashion
fixed_921.json,15,0,0,0.0,1,0,554,14570,14570,370,1283,,,33.173,fashion
fixed_922.json,7,1,1,1.0,1,1,554,5389,5389,106,1067,,,9.273,food
fixed_923.json,4,1,1,1.0,0,1,554,2408,2408,51,979,,,4.473,electronics
fixed_924.json,6,1,1,1.0,0,1,554,4599,4599,85,1103,,,7.673,food
fixed_925.json,5,1,1,1.0,0,1,554,3469,3469,66,1077,,,6.073,fashion
fixed_926.json,6,0,1,0.0333333333333333,0,1,554,4029,4029,79,940,,,7.673,fashion
fixed_927.json,5,0,1,0.6,0,1,554,3950,3950,74,1286,,,6.073,food
fixed_928.json,15,0,0,0.0,1,0,554,15793,15793,219,1266,,,23.473,furniture
fixed_929.json,7,1,1,1.0,1,1,554,5411,5411,114,1235,,,10.273,electronics
fixed_930.json,7,0,1,0.5,1,1,554,5618,5618,99,1104,,,9.273,fashion
fixed_931.json,6,0,1,0.8,0,1,554,4088,4088,81,953,,,7.673,furniture
fixed_932.json,4,0,1,0.3333333333333333,0,1,554,2402,2402,53,972,,,4.473,electronics
fixed_933.json,5,0,1,0.8,0,1,554,3503,3503,71,1054,,,6.073,food
fixed_934.json,6,0,1,0.8333333333333334,0,1,554,4305,4305,83,1003,,,7.673,fashion
fixed_935.json,5,1,1,1.0,0,1,554,3373,3373,64,1001,,,6.073,beauty
fixed_936.json,5,0,1,0.8571428571428571,0,1,554,3280,3280,64,958,,,6.073,furniture
fixed_937.json,8,0,1,0.0,1,1,554,6829,6829,122,1264,,,11.073,furniture
fixed_938.json,5,1,1,1.0,0,1,554,3454,3454,75,1037,,,6.073,beauty
fixed_939.json,4,1,1,1.0,0,1,554,2531,2531,49,1028,,,4.473,electronics
fixed_940.json,4,0,1,0.2,0,1,554,2315,2315,51,913,,,4.473,electronics
fixed_941.json,4,0,1,0.6666666666666666,0,1,554,2407,2407,50,977,,,4.473,electronics
fixed_942.json,4,0,1,0.75,0,1,554,2369,2369,48,974,,,4.473,beauty
fixed_943.json,4,0,1,0.6666666666666666,0,1,554,2354,2354,47,955,,,4.473,furniture
fixed_944.json,4,0,1,0.6666666666666666,0,1,554,2253,2253,53,889,,,4.473,food
fixed_945.json,9,0,1,0.6666666666666666,1,1,554,9125,9125,145,1459,,,12.073,fashion
fixed_946.json,11,0,1,0.6666666666666666,1,1,554,10911,10911,162,1585,,,12.873,electronics
fixed_947.json,4,0,1,0.6666666666666666,0,1,554,2131,2131,46,834,,,4.473,furniture
fixed_948.json,15,0,0,0.0,1,0,554,18381,18381,265,1552,,,13.973,electronics
fixed_949.json,15,0,0,0.0,1,0,554,19507,19507,208,2014,,,21.673,fashion
fixed_950.json,6,1,1,1.0,1,1,554,4142,4142,82,980,,,7.273,fashion
fixed_951.json,6,1,1,1.0,1,1,554,4130,4130,82,986,,,8.473,beauty
fixed_952.json,4,1,1,1.0,0,1,554,2337,2337,49,937,,,4.473,food
fixed_953.json,4,0,1,0.6666666666666666,0,1,554,2347,2347,51,950,,,4.473,beauty
fixed_954.json,8,0,1,0.375,1,1,554,7060,7060,107,1222,,,10.273,fashion
fixed_955.json,5,0,1,0.5,0,1,554,3286,3286,63,989,,,6.073,food
fixed_956.json,5,1,1,1.0,0,1,554,3332,3332,69,980,,,6.073,food
fixed_957.json,7,1,1,1.0,1,1,554,6841,6841,107,1590,,,10.073,food
fixed_958.json,4,1,1,1.0,0,1,554,2268,2268,46,902,,,4.473,beauty
fixed_959.json,4,0,1,0.0,0,1,554,2313,2313,50,920,,,4.473,beauty
fixed_960.json,4,1,1,1.0,0,1,554,2268,2268,53,897,,,4.473,food
fixed_961.json,9,0,1,0.6666666666666666,1,1,554,8215,8215,141,1450,,,10.773,food
fixed_962.json,4,0,1,0.6666666666666666,0,1,554,2460,2460,50,1018,,,4.473,electronics
fixed_963.json,4,0,1,0.3333333333333333,0,1,554,2438,2438,50,999,,,4.473,electronics
fixed_964.json,4,1,1,1.0,0,1,554,2379,2379,54,954,,,4.473,electronics
fixed_965.json,6,0,1,0.8,0,1,554,4565,4565,80,1098,,,7.673,fashion
fixed_966.json,5,0,1,0.3333333333333333,0,1,554,4065,4065,82,1299,,,6.073,electronics
fixed_967.json,7,1,1,1.0,1,1,554,6100,6100,98,1224,,,9.273,fashion
fixed_968.json,4,0,1,0.5,0,1,554,2380,2380,53,963,,,4.473,beauty
fixed_969.json,4,1,1,1.0,0,1,554,2554,2554,60,1043,,,4.473,electronics
fixed_970.json,6,1,1,1.0,0,1,554,4558,4558,84,1088,,,7.673,beauty
fixed_971.json,6,0,1,0.75,0,1,554,4227,4227,76,988,,,7.673,fashion
fixed_972.json,4,1,1,1.0,0,1,554,2335,2335,48,942,,,4.473,food
fixed_973.json,15,0,0,0.0,1,0,554,21556,21556,252,2183,,,14.773,food
fixed_974.json,6,1,1,1.0,0,1,554,5106,5106,91,1277,,,7.673,furniture
fixed_975.json,13,1,1,1.0,1,1,554,16328,16328,217,2001,,,17.473,food
fixed_976.json,4,1,1,1.0,0,1,554,2355,2355,52,942,,,4.473,electronics
fixed_977.json,15,0,0,0.0,1,0,554,33660,33660,424,3623,,,16.173,furniture
fixed_978.json,4,0,1,0.6666666666666666,0,1,554,2381,2381,48,959,,,4.473,electronics
fixed_979.json,6,1,1,1.0,0,1,554,4755,4755,71,1180,,,7.073,furniture
fixed_980.json,4,0,1,0.3333333333333333,0,1,554,2311,2311,49,917,,,4.473,beauty
fixed_981.json,4,1,1,1.0,0,1,554,2315,2315,46,929,,,4.473,beauty
fixed_982.json,15,0,0,0.0,1,0,554,21016,21016,308,2072,,,18.973,furniture
fixed_983.json,4,0,1,0.6666666666666666,0,1,554,2400,2400,58,964,,,4.473,beauty
fixed_984.json,6,1,1,1.0,0,1,554,4245,4245,81,999,,,7.673,fashion
fixed_985.json,5,1,1,1.0,0,1,554,3642,3642,66,1119,,,6.073,electronics
fixed_986.json,7,0,1,0.6666666666666666,1,1,554,5551,5551,110,1120,,,8.873,beauty
fixed_987.json,6,0,1,0.75,0,1,554,5161,5161,84,1312,,,7.673,fashion
fixed_988.json,5,1,1,1.0,0,1,554,3464,3464,70,1031,,,6.073,food
fixed_989.json,5,1,1,1.0,0,1,554,3615,3615,78,1089,,,6.073,beauty
fixed_990.json,15,0,0,0.0,1,0,554,23995,23995,232,2522,,,13.773,furniture
fixed_991.json,5,1,1,1.0,0,1,554,3346,3346,69,995,,,6.073,beauty
fixed_992.json,5,1,1,1.0,0,1,554,3638,3638,75,1074,,,6.073,food
fixed_993.json,5,1,1,1.0,0,1,554,3306,3306,62,977,,,6.073,food
fixed_994.json,15,0,0,0.0,1,0,554,17109,17109,350,1481,,,16.073,food
fixed_995.json,6,1,1,1.0,0,1,554,4364,4364,78,1031,,,7.673,fashion
fixed_996.json,5,0,1,0.75,0,1,554,3279,3279,62,965,,,6.073,furniture
fixed_997.json,9,0,1,0.0,1,1,554,9301,9301,139,1638,,,10.273,food
fixed_998.json,5,0,1,0.5,0,1,554,3569,3569,63,1069,,,6.073,food
fixed_999.json,5,1,1,1.0,0,1,554,3295,3295,62,969,,,6.073,furniture
fixed_1000.json,6,1,1,1.0,0,1,554,4319,4319,88,1033,,,7.673,food
fixed_1001.json,6,1,1,1.0,0,1,554,4396,4396,84,1032,,,7.673,fashion
fixed_1002.json,5,0,1,0.6666666666666666,0,1,554,3363,3363,74,1006,,,6.073,fashion
fixed_1003.json,5,1,1,1.0,0,1,554,3315,3315,59,974,,,6.073,beauty
fixed_1004.json,15,0,0,0.0,1,0,554,20106,20106,252,2127,,,16.773,food
fixed_1005.json,4,0,1,0.5,0,1,554,2368,2368,51,958,,,4.473,food
fixed_1006.json,6,0,1,0.0333333333333333,0,1,554,4695,4695,80,1116,,,7.673,food
fixed_1007.json,5,1,1,1.0,0,1,554,3345,3345,72,990,,,6.073,fashion
fixed_1008.json,7,0,1,0.1,1,1,554,6223,6223,99,1243,,,9.273,furniture
fixed_1009.json,6,1,1,1.0,1,1,554,4098,4098,83,974,,,8.473,fashion
fixed_1010.json,5,0,1,0.0,0,1,554,3572,3572,64,1099,,,6.073,fashion
fixed_1011.json,15,0,0,0.0,1,0,554,10650,10650,59,823,,,0.959,electronics
fixed_1012.json,6,0,1,0.6666666666666666,0,1,554,4616,4616,76,1119,,,7.673,fashion
fixed_1013.json,6,1,1,1.0,0,1,554,5129,5129,106,1271,,,7.673,furniture
fixed_1014.json,5,1,1,1.0,0,1,554,3399,3399,75,1018,,,6.073,furniture
fixed_1015.json,5,0,1,0.6666666666666666,0,1,554,3355,3355,63,989,,,6.073,food
fixed_1016.json,5,0,1,0.3333333333333333,1,1,554,3269,3269,79,974,,,5.673,electronics
fixed_1017.json,5,0,1,0.6666666666666666,0,1,554,3379,3379,62,995,,,6.073,food
fixed_1018.json,6,1,1,1.0,0,1,554,4405,4405,89,1033,,,7.673,fashion
fixed_1019.json,4,1,1,1.0,0,1,554,2353,2353,49,947,,,4.473,beauty
fixed_1020.json,5,0,1,0.5,0,1,554,3291,3291,67,986,,,6.073,fashion
fixed_1021.json,6,0,1,0.0,1,1,554,4328,4328,121,1050,,,8.473,beauty
fixed_1022.json,11,0,1,0.0,1,1,554,13832,13832,171,2001,,,14.873,food
fixed_1023.json,15,0,0,0.0,1,0,554,16255,16255,576,1366,,,14.659,beauty
fixed_1024.json,6,1,1,1.0,0,1,554,4345,4345,82,1029,,,7.673,food
fixed_1025.json,6,1,1,1.0,0,1,554,4208,4208,79,986,,,7.673,fashion
fixed_1026.json,5,0,1,0.6666666666666666,1,1,554,3245,3245,62,945,,,4.673,beauty
fixed_1027.json,6,0,1,0.8,0,1,554,4429,4429,82,1032,,,7.673,fashion
fixed_1028.json,4,0,1,0.6666666666666666,0,1,554,2373,2373,52,955,,,4.473,furniture
fixed_1029.json,6,0,1,0.75,0,1,554,4419,4419,82,1047,,,7.673,fashion
fixed_1030.json,4,0,1,0.3333333333333333,0,1,554,2291,2291,51,904,,,4.473,food
fixed_1031.json,5,0,1,0.5,0,1,554,3234,3234,62,943,,,6.073,beauty
fixed_1032.json,5,1,1,1.0,0,1,554,3333,3333,61,983,,,6.073,electronics
fixed_1033.json,5,1,1,1.0,0,1,554,3259,3259,65,957,,,6.073,furniture
fixed_1034.json,5,1,1,1.0,0,1,554,3321,3321,69,977,,,6.073,furniture
fixed_1035.json,4,0,1,0.3333333333333333,0,1,554,2292,2292,51,906,,,4.473,food
fixed_1036.json,15,0,0,0.0,1,0,554,23210,23210,277,2416,,,16.373,furniture
fixed_1037.json,5,0,1,0.75,0,1,554,3667,3667,68,1118,,,6.073,furniture
fixed_1038.json,5,0,1,0.5,0,1,554,3497,3497,71,1044,,,6.073,electronics
fixed_1039.json,6,0,1,0.05,0,1,554,4924,4924,79,1247,,,7.073,furniture
fixed_1040.json,6,1,1,1.0,0,1,554,4950,4950,84,1199,,,7.673,electronics
fixed_1041.json,4,1,1,1.0,0,1,554,2303,2303,61,908,,,4.473,beauty
fixed_1042.json,6,0,1,0.4,1,1,554,4437,4437,85,1042,,,7.673,fashion
fixed_1043.json,6,1,1,1.0,0,1,554,4183,4183,83,968,,,7.673,fashion
fixed_1044.json,6,1,1,1.0,0,1,554,4530,4530,86,1082,,,7.673,fashion
fixed_1045.json,4,0,1,0.5,0,1,554,2369,2369,83,947,,,4.473,electronics
fixed_1046.json,5,1,1,1.0,0,1,554,3454,3454,75,1037,,,6.073,beauty
fixed_1047.json,5,0,1,0.5,0,1,554,3327,3327,72,1005,,,6.073,fashion
fixed_1048.json,5,0,1,0.75,0,1,554,3564,3564,76,1084,,,6.073,furniture
fixed_1049.json,15,0,0,0.0,1,0,554,16333,16333,301,1351,,,31.873,food
fixed_1050.json,9,0,1,0.5,1,1,554,8959,8959,128,1577,,,11.473,fashion
fixed_1051.json,5,0,1,0.6666666666666666,0,1,554,3561,3561,72,1078,,,6.073,electronics
fixed_1052.json,5,0,1,0.75,0,1,554,3312,3312,63,980,,,6.073,fashion
fixed_1053.json,5,0,1,0.05,0,1,554,3332,3332,61,992,,,6.073,beauty
fixed_1054.json,5,0,1,0.1,0,1,554,3471,3471,72,1038,,,6.073,furniture
fixed_1055.json,7,1,1,1.0,1,1,554,5270,5270,103,1055,,,8.873,fashion
fixed_1056.json,7,1,1,1.0,1,1,554,7662,7662,141,1799,,,10.073,food
fixed_1057.json,4,1,1,1.0,0,1,554,2403,2403,48,971,,,4.473,furniture
fixed_1058.json,5,0,1,0.6666666666666666,0,1,554,3295,3295,67,972,,,6.073,food
fixed_1059.json,6,0,1,0.8,0,1,554,4733,4733,96,1129,,,7.673,electronics
fixed_1060.json,4,1,1,1.0,0,1,554,2575,2575,71,1045,,,4.473,electronics
fixed_1061.json,5,0,1,0.6666666666666666,0,1,554,3136,3136,67,917,,,6.073,beauty
fixed_1062.json,4,0,1,0.4,0,1,554,2435,2435,59,980,,,4.473,beauty
fixed_1063.json,5,1,1,1.0,0,1,554,3661,3661,76,1112,,,6.073,electronics
fixed_1064.json,4,0,1,0.3333333333333333,0,1,554,2276,2276,50,900,,,4.473,food
fixed_1065.json,6,0,1,0.3333333333333333,1,1,554,4231,4231,83,992,,,7.673,furniture
fixed_1066.json,5,0,1,0.6666666666666666,0,1,554,3368,3368,64,997,,,6.073,food
fixed_1067.json,6,0,1,0.75,0,1,554,4685,4685,83,1134,,,7.673,furniture
fixed_1068.json,12,0,1,0.3333333333333333,1,1,554,13518,13518,253,1896,,,16.273,beauty
fixed_1069.json,5,1,1,1.0,0,1,554,3463,3463,82,1028,,,6.073,electronics
fixed_1070.json,5,1,1,1.0,0,1,554,3399,3399,71,1014,,,6.073,furniture
fixed_1071.json,4,0,1,0.5,0,1,554,2397,2397,51,962,,,4.473,electronics
fixed_1072.json,15,0,0,0.0,1,0,554,18645,18645,791,1556,,,15.159,beauty
fixed_1073.json,8,0,1,0.5,1,1,554,7643,7643,131,1382,,,11.073,electronics
fixed_1074.json,4,0,1,0.75,0,1,554,2464,2464,53,1002,,,4.473,food
fixed_1075.json,5,0,1,0.0,0,1,554,3239,3239,68,945,,,6.073,fashion
fixed_1076.json,15,0,0,0.0,1,0,554,14561,14561,375,1285,,,32.773,furniture
fixed_1077.json,5,0,1,0.3333333333333333,0,1,554,3509,3509,67,1074,,,6.073,furniture
fixed_1078.json,4,0,1,0.6,0,1,554,2468,2468,55,999,,,4.473,furniture
fixed_1079.json,15,0,0,0.0,1,0,554,20496,20496,250,1709,,,17.273,beauty
fixed_1080.json,5,0,1,0.25,0,1,554,3516,3516,73,1066,,,6.073,food
fixed_1081.json,4,0,1,0.6666666666666666,0,1,554,2306,2306,50,916,,,4.473,food
fixed_1082.json,6,1,1,1.0,1,1,554,4295,4295,79,1003,,,7.673,food
fixed_1083.json,6,0,1,0.6666666666666666,0,1,554,5047,5047,95,1210,,,7.673,electronics
fixed_1084.json,5,1,1,1.0,0,1,554,3364,3364,59,995,,,6.073,beauty
fixed_1085.json,5,0,1,0.75,0,1,554,3277,3277,62,959,,,6.073,electronics
fixed_1086.json,5,0,1,0.0,0,1,554,3165,3165,72,928,,,6.073,beauty
fixed_1087.json,4,0,1,0.5,0,1,554,2453,2453,51,1004,,,4.473,furniture
fixed_1088.json,5,1,1,1.0,0,1,554,3727,3727,74,1204,,,6.073,beauty
fixed_1089.json,5,1,1,1.0,0,1,554,3310,3310,66,1003,,,6.073,food
fixed_1090.json,4,0,1,0.5,0,1,554,2410,2410,50,975,,,4.473,furniture
fixed_1091.json,4,0,1,0.0333333333333333,0,1,554,2216,2216,49,861,,,4.473,fashion
fixed_1092.json,4,0,1,0.6666666666666666,0,1,554,2450,2450,48,998,,,4.473,electronics
fixed_1093.json,4,0,1,0.0666666666666666,0,1,554,2205,2205,47,864,,,4.473,food
fixed_1094.json,4,0,1,0.75,0,1,554,2355,2355,52,940,,,4.473,beauty
fixed_1095.json,6,1,1,1.0,0,1,554,4413,4413,75,1053,,,7.673,fashion
fixed_1096.json,6,1,1,1.0,0,1,554,4629,4629,81,1119,,,7.673,fashion
fixed_1097.json,5,1,1,1.0,0,1,554,3724,3724,76,1154,,,6.073,food
fixed_1098.json,4,0,1,0.6666666666666666,0,1,554,2464,2464,50,1007,,,4.473,electronics
fixed_1099.json,15,0,0,0.0,1,0,554,15562,15562,391,1352,,,33.973,furniture
fixed_1100.json,4,0,1,0.8,0,1,554,2297,2297,52,910,,,4.473,beauty
fixed_1101.json,5,0,1,0.0,0,1,554,3142,3142,65,906,,,6.073,fashion
fixed_1102.json,4,0,1,0.5,0,1,554,2317,2317,54,927,,,4.473,electronics
fixed_1103.json,5,0,1,0.6666666666666666,0,1,554,3699,3699,78,1144,,,6.073,furniture
fixed_1104.json,5,0,1,0.75,0,1,554,3291,3291,62,980,,,6.073,electronics
fixed_1105.json,4,0,1,0.5,0,1,554,2367,2367,47,963,,,4.473,electronics
fixed_1106.json,6,0,1,0.75,0,1,554,4518,4518,78,1082,,,7.673,beauty
fixed_1107.json,15,0,0,0.0,1,0,554,27811,27811,255,3020,,,20.273,furniture
fixed_1108.json,6,0,1,0.75,0,1,554,4608,4608,92,1099,,,7.673,furniture
fixed_1109.json,6,1,1,1.0,0,1,554,4908,4908,83,1212,,,7.673,fashion
fixed_1110.json,8,0,1,0.0,0,1,554,7158,7158,118,1420,,,9.473,beauty
fixed_1111.json,6,0,1,0.75,1,1,554,4303,4303,85,996,,,7.673,furniture
fixed_1112.json,7,1,1,1.0,1,1,554,5557,5557,90,1086,,,9.273,fashion
fixed_1113.json,4,0,1,0.6666666666666666,0,1,554,2242,2242,46,880,,,4.473,beauty
fixed_1114.json,15,0,0,0.0,1,0,554,15286,15286,388,1335,,,33.973,food
fixed_1115.json,6,1,1,1.0,1,1,554,4331,4331,84,1035,,,8.473,beauty
fixed_1116.json,6,1,1,1.0,0,1,554,4711,4711,86,1149,,,7.673,fashion
fixed_1117.json,4,0,1,0.25,0,1,554,2313,2313,50,923,,,4.473,beauty
fixed_1118.json,5,0,1,0.6666666666666666,0,1,554,3701,3701,95,1109,,,6.073,food
fixed_1119.json,6,1,1,1.0,0,1,554,5008,5008,90,1247,,,7.673,fashion
fixed_1120.json,4,1,1,1.0,0,1,554,2295,2295,47,910,,,4.473,food
fixed_1121.json,6,1,1,1.0,0,1,554,4286,4286,79,1008,,,7.673,fashion
fixed_1122.json,5,0,1,0.3333333333333333,1,1,554,3325,3325,70,975,,,6.073,furniture
fixed_1123.json,5,0,1,0.6666666666666666,0,1,554,3240,3240,63,942,,,6.073,beauty
fixed_1124.json,5,1,1,1.0,0,1,554,3287,3287,71,965,,,6.073,furniture
fixed_1125.json,7,1,1,1.0,1,1,554,5692,5692,106,1155,,,10.073,food
fixed_1126.json,6,0,1,0.75,0,1,554,4307,4307,79,1010,,,7.673,fashion
fixed_1127.json,4,0,1,0.0,0,1,554,2370,2370,47,976,,,4.473,electronics
fixed_1128.json,5,0,1,0.75,0,1,554,3367,3367,63,1000,,,6.073,furniture
fixed_1129.json,6,0,1,0.0,0,1,554,4231,4231,77,989,,,7.673,fashion
fixed_1130.json,5,1,1,1.0,0,1,554,3433,3433,63,1049,,,6.073,beauty
fixed_1131.json,15,0,0,0.0,1,0,554,16212,16212,488,1458,,,33.973,furniture
fixed_1132.json,6,0,1,0.25,1,1,554,4417,4417,80,1047,,,7.673,electronics
fixed_1133.json,4,0,1,0.5,0,1,554,2365,2365,48,951,,,4.473,food
fixed_1134.json,5,0,1,0.3333333333333333,0,1,554,3552,3552,79,1084,,,6.073,furniture
fixed_1135.json,5,1,1,1.0,0,1,554,3348,3348,61,986,,,6.073,beauty
fixed_1136.json,5,1,1,1.0,0,1,554,3357,3357,96,991,,,6.073,fashion
fixed_1137.json,5,0,1,0.5,0,1,554,3364,3364,77,1014,,,6.073,furniture
fixed_1138.json,4,1,1,1.0,0,1,554,2515,2515,61,1029,,,4.473,beauty
fixed_1139.json,6,1,1,1.0,0,1,554,4485,4485,88,1064,,,7.673,fashion
fixed_1140.json,15,0,0,0.0,1,0,554,15300,15300,288,1272,,,17.273,furniture
fixed_1141.json,4,0,1,0.5,0,1,554,2335,2335,46,942,,,4.473,food
fixed_1142.json,4,1,1,1.0,0,1,554,2439,2439,75,999,,,4.473,beauty
fixed_1143.json,6,1,1,1.0,0,1,554,4489,4489,87,1072,,,7.673,furniture
fixed_1144.json,5,0,1,0.6666666666666666,0,1,554,3315,3315,62,974,,,6.073,electronics
fixed_1145.json,9,0,1,0.75,1,1,554,9252,9252,125,1614,,,8.873,electronics
fixed_1146.json,15,0,0,0.0,1,0,554,20198,20198,276,1853,,,15.673,electronics
fixed_1147.json,15,0,0,0.0,1,0,554,17556,17556,270,1655,,,17.673,food
fixed_1148.json,5,1,1,1.0,0,1,554,3237,3237,70,949,,,6.073,electronics
fixed_1149.json,6,1,1,1.0,0,1,554,4955,4955,103,1190,,,7.673,fashion
fixed_1150.json,7,0,1,0.3333333333333333,1,1,554,5645,5645,102,1255,,,9.473,fashion
fixed_1151.json,4,0,1,0.6666666666666666,0,1,554,2263,2263,53,887,,,4.473,beauty
fixed_1152.json,6,0,1,0.6666666666666666,0,1,554,4310,4310,78,1011,,,7.673,fashion
fixed_1153.json,5,1,1,1.0,0,1,554,3799,3799,79,1187,,,6.073,electronics
fixed_1154.json,15,0,0,0.0,1,0,554,20636,20636,242,1912,,,14.373,food
fixed_1155.json,5,0,1,0.75,0,1,554,3314,3314,67,971,,,6.073,fashion
fixed_1156.json,4,1,1,1.0,0,1,554,2354,2354,51,935,,,4.473,electronics
fixed_1157.json,6,0,1,0.6666666666666666,1,1,554,4492,4492,85,1119,,,8.473,food
fixed_1158.json,6,1,1,1.0,0,1,554,4249,4249,81,998,,,7.673,fashion
fixed_1159.json,6,0,1,0.3333333333333333,1,1,554,4666,4666,105,1229,,,7.873,electronics
fixed_1160.json,5,0,1,0.2,0,1,554,3895,3895,85,1268,,,6.073,furniture
fixed_1161.json,4,1,1,1.0,0,1,554,2271,2271,52,894,,,4.473,furniture
fixed_1162.json,5,1,1,1.0,0,1,554,3390,3390,72,1013,,,6.073,food
fixed_1163.json,5,1,1,1.0,0,1,554,3519,3519,66,1064,,,6.073,beauty
fixed_1164.json,6,1,1,1.0,0,1,554,4213,4213,91,991,,,7.673,fashion
fixed_1165.json,4,0,1,0.05,0,1,554,2249,2249,45,882,,,4.473,food
fixed_1166.json,6,0,1,0.6666666666666666,0,1,554,4200,4200,80,982,,,7.673,fashion
fixed_1167.json,4,0,1,0.75,0,1,554,2369,2369,54,953,,,4.473,food
fixed_1168.json,15,0,0,0.0,1,0,554,14606,14606,284,1220,,,32.773,fashion
fixed_1169.json,6,0,1,0.8,0,1,554,4534,4534,76,1081,,,7.673,fashion
fixed_1170.json,4,0,1,0.6666666666666666,0,1,554,2408,2408,52,973,,,4.473,food
fixed_1171.json,4,0,1,0.5,0,1,554,2300,2300,54,916,,,4.473,electronics
fixed_1172.json,5,0,1,0.25,0,1,554,3250,3250,63,954,,,6.073,fashion
fixed_1173.json,5,1,1,1.0,0,1,554,3139,3139,69,926,,,6.073,fashion
fixed_1174.json,5,0,1,0.5,0,1,554,3410,3410,69,1020,,,6.073,fashion
fixed_1175.json,5,0,1,0.6666666666666666,0,1,554,3432,3432,62,1023,,,6.073,furniture
fixed_1176.json,6,0,1,0.75,0,1,554,4095,4095,77,946,,,7.673,fashion
fixed_1177.json,15,0,0,0.0,1,0,554,20466,20466,228,2158,,,17.473,electronics
fixed_1178.json,4,0,1,0.5,0,1,554,2360,2360,49,949,,,4.473,food
fixed_1179.json,4,0,1,0.5,0,1,554,2258,2258,53,886,,,4.473,beauty
fixed_1180.json,15,0,0,0.0,1,0,554,20526,20526,246,2240,,,15.573,electronics
fixed_1181.json,4,0,1,0.5,0,1,554,2374,2374,56,948,,,4.473,food
fixed_1182.json,5,0,1,0.75,0,1,554,3381,3381,65,1003,,,6.073,furniture
fixed_1183.json,12,0,1,0.3333333333333333,1,1,554,14964,14964,175,1972,,,14.673,electronics
fixed_1184.json,15,0,0,0.0,1,0,554,15644,15644,372,1345,,,33.973,furniture
fixed_1185.json,4,1,1,1.0,0,1,554,2279,2279,52,906,,,4.473,electronics
fixed_1186.json,15,1,1,1.0,1,0,554,25861,25861,220,3121,,,16.473,electronics
fixed_1187.json,6,0,1,0.75,0,1,554,4258,4258,80,988,,,7.673,fashion
fixed_1188.json,5,0,1,0.3333333333333333,0,1,554,3268,3268,65,962,,,6.073,beauty
fixed_1189.json,5,1,1,1.0,0,1,554,3281,3281,70,969,,,6.073,fashion
fixed_1190.json,5,0,1,0.6666666666666666,0,1,554,4228,4228,83,1400,,,6.073,electronics
fixed_1191.json,4,0,1,0.6666666666666666,0,1,554,2353,2353,54,952,,,4.473,beauty
fixed_1192.json,4,1,1,1.0,0,1,554,2361,2361,53,941,,,4.473,food
fixed_1193.json,4,1,1,1.0,0,1,554,2316,2316,48,930,,,4.473,electronics
fixed_1194.json,4,0,1,0.6666666666666666,0,1,554,2451,2451,50,1002,,,4.473,beauty
fixed_1195.json,4,0,1,0.6666666666666666,0,1,554,2328,2328,50,934,,,4.473,electronics
fixed_1196.json,10,0,1,0.8333333333333334,1,1,554,14772,14772,139,3265,,,8.773,fashion
fixed_1197.json,4,0,1,0.1,0,1,554,2355,2355,47,953,,,4.473,food
fixed_1198.json,5,1,1,1.0,0,1,554,3922,3922,72,1246,,,6.073,electronics
fixed_1199.json,6,1,1,1.0,0,1,554,4484,4484,81,1048,,,7.673,beauty
